order_item_id,order_id,product_id,quantity,unit_price_cents,discount_cents
1,1,35,3,1499,0
2,1,4,2,1499,0
3,1,13,1,12999,200
4,2,4,2,1499,0
5,3,38,1,2499,0
6,3,22,1,999,500
7,4,52,1,1499,0
8,4,43,1,2499,0
9,4,1,2,2499,0
10,5,9,3,999,200
11,6,50,2,999,500
12,6,38,1,2499,200
13,6,33,1,5999,500
14,6,3,3,1499,500
15,7,55,2,2499,200
16,7,44,1,3999,200
17,7,46,2,2499,0
18,7,58,1,3999,0
19,8,25,3,12999,500
20,8,19,2,2499,500
21,8,39,2,2499,0
22,9,57,1,2499,200
23,9,22,2,999,200
24,9,27,3,2499,0
25,9,21,2,5999,0
26,10,5,1,12999,0
27,10,6,2,3999,0
28,10,48,3,3999,0
29,10,52,1,1499,500
30,11,27,2,2499,200
31,12,37,3,12999,0
32,13,23,3,3999,0
33,14,55,3,2499,500
34,14,40,3,2499,500
35,14,2,3,3999,0
36,14,2,1,3999,0
37,15,56,1,1499,500
38,15,43,2,2499,0
39,16,25,2,12999,200
40,16,22,1,999,0
41,17,57,1,2499,0
42,18,18,2,999,200
43,19,14,3,999,0
44,19,23,2,3999,0
45,19,19,3,2499,500
46,20,26,3,2499,0
47,20,1,1,2499,0
48,21,1,2,2499,200
49,22,33,3,5999,0
50,22,5,2,12999,0
51,23,56,2,1499,500
52,24,19,1,2499,200
53,24,2,2,3999,0
54,24,52,3,1499,200
55,24,54,3,999,0
56,25,38,2,2499,500
57,25,6,2,3999,0
58,25,48,2,3999,0
59,25,22,1,999,0
60,26,58,2,3999,0
61,26,47,3,999,0
62,27,12,3,2499,0
63,27,49,3,5999,0
64,28,44,3,3999,500
65,28,21,3,5999,0
66,28,10,2,999,0
67,28,31,2,2499,0
68,29,20,2,1499,200
69,30,5,3,12999,0
70,30,40,3,2499,500
71,30,25,2,12999,500
72,31,21,3,5999,200
73,31,33,1,5999,0
74,32,33,3,5999,0
75,33,24,2,12999,0
76,33,25,2,12999,0
77,34,7,3,1499,200
78,34,19,2,2499,500
79,34,56,1,1499,0
80,35,20,3,1499,200
81,35,9,3,999,0
82,35,20,3,1499,200
83,36,33,2,5999,0
84,36,24,2,12999,0
85,36,14,2,999,200
86,36,13,1,12999,0
87,37,43,2,2499,500
88,38,12,3,2499,500
89,38,52,1,1499,200
90,39,29,3,1499,0
91,39,49,3,5999,200
92,40,58,1,3999,0
93,40,44,3,3999,200
94,40,30,2,999,200
95,40,33,3,5999,200
96,41,4,3,1499,200
97,41,56,2,1499,500
98,41,60,1,999,500
99,42,18,2,999,500
100,42,10,2,999,0
101,43,27,1,2499,200
102,44,24,1,12999,0
103,45,9,1,999,0
104,45,59,2,5999,0
105,46,2,2,3999,0
106,47,50,2,999,0
107,48,41,3,1499,200
108,48,5,1,12999,200
109,48,39,3,2499,0
110,48,41,3,1499,500
111,49,1,3,2499,0
112,49,16,3,12999,200
113,49,12,3,2499,0
114,49,34,2,12999,0
115,50,25,2,12999,0
116,51,23,1,3999,0
117,52,23,3,3999,0
118,53,41,1,1499,0
119,53,5,3,12999,200
120,53,3,2,1499,0
121,53,3,1,1499,0
122,54,17,1,12999,0
123,54,19,2,2499,0
124,54,56,3,1499,0
125,54,18,1,999,0
126,55,22,1,999,200
127,55,45,2,12999,0
128,55,60,3,999,0
129,55,52,1,1499,200
130,56,21,1,5999,0
131,56,21,3,5999,0
132,56,20,2,1499,500
133,57,3,3,1499,0
134,57,40,2,2499,0
135,57,41,1,1499,0
136,57,43,3,2499,200
137,58,55,3,2499,200
138,58,3,1,1499,0
139,59,37,1,12999,500
140,59,10,3,999,200
141,59,24,2,12999,200
142,59,49,1,5999,500
143,60,42,2,2499,0
144,60,8,1,3999,0
145,60,32,3,999,200
146,61,46,2,2499,0
147,61,40,2,2499,200
148,61,13,1,12999,0
149,62,6,3,3999,0
150,62,43,2,2499,0
151,62,36,3,5999,0
152,62,58,2,3999,0
153,63,13,1,12999,0
154,64,30,3,999,0
155,64,40,1,2499,0
156,64,20,2,1499,200
157,65,9,2,999,0
158,66,57,3,2499,500
159,66,12,1,2499,200
160,67,20,1,1499,0
161,67,21,3,5999,0
162,68,41,3,1499,0
163,68,9,3,999,0
164,69,38,3,2499,0
165,69,11,3,2499,500
166,70,6,1,3999,500
167,71,40,3,2499,0
168,71,32,3,999,500
169,71,19,3,2499,0
170,71,31,1,2499,200
171,72,11,2,2499,200
172,73,21,3,5999,0
173,73,47,2,999,200
174,74,21,1,5999,200
175,75,7,1,1499,0
176,75,25,3,12999,200
177,76,13,1,12999,200
178,76,33,2,5999,200
179,76,57,2,2499,200
180,77,16,1,12999,500
181,77,23,1,3999,0
182,77,19,2,2499,500
183,77,57,3,2499,200
184,78,28,1,12999,0
185,79,4,3,1499,500
186,79,13,2,12999,500
187,79,19,1,2499,200
188,79,33,2,5999,500
189,80,26,2,2499,0
190,81,33,1,5999,0
191,81,3,1,1499,0
192,81,52,2,1499,500
193,81,30,1,999,500
194,82,11,2,2499,500
195,82,48,2,3999,500
196,82,22,3,999,500
197,83,24,2,12999,0
198,84,39,2,2499,0
199,85,38,2,2499,0
200,86,13,1,12999,200
201,87,27,3,2499,500
202,87,59,2,5999,0
203,88,43,2,2499,500
204,88,25,2,12999,0
205,88,30,3,999,0
206,89,13,1,12999,0
207,89,36,2,5999,0
208,89,20,2,1499,0
209,89,45,3,12999,200
210,90,19,1,2499,500
211,90,44,3,3999,200
212,90,58,2,3999,0
213,91,23,2,3999,0
214,92,60,3,999,0
215,92,9,1,999,500
216,92,48,3,3999,0
217,93,4,1,1499,200
218,93,22,3,999,200
219,94,27,3,2499,200
220,94,31,3,2499,0
221,95,59,1,5999,500
222,96,27,1,2499,0
223,96,54,2,999,200
224,97,1,2,2499,500
225,98,57,1,2499,500
226,98,30,2,999,0
227,98,52,1,1499,0
228,98,11,3,2499,200
229,99,51,2,5999,500
230,99,44,1,3999,0
231,99,40,3,2499,200
232,100,43,1,2499,0
233,100,9,2,999,0
234,100,60,1,999,0
235,100,17,2,12999,0
236,101,17,3,12999,0
237,102,11,2,2499,500
238,102,60,3,999,0
239,102,45,1,12999,0
240,103,31,1,2499,200
241,103,48,3,3999,0
242,104,49,1,5999,500
243,104,56,1,1499,500
244,105,4,3,1499,500
245,106,55,3,2499,200
246,106,8,3,3999,0
247,106,46,3,2499,200
248,107,30,1,999,500
249,108,44,2,3999,0
250,108,26,2,2499,0
251,108,48,1,3999,500
252,108,5,1,12999,200
253,109,60,1,999,200
254,110,50,3,999,200
255,110,24,2,12999,200
256,111,8,1,3999,500
257,111,26,3,2499,0
258,111,47,1,999,0
259,112,35,2,1499,0
260,112,16,2,12999,0
261,112,10,2,999,0
262,112,60,3,999,0
263,113,16,1,12999,0
264,114,16,3,12999,0
265,115,49,1,5999,0
266,115,33,2,5999,0
267,116,57,1,2499,500
268,116,15,2,1499,0
269,116,18,1,999,500
270,117,4,2,1499,200
271,117,51,3,5999,0
272,117,45,2,12999,200
273,117,10,2,999,200
274,118,20,3,1499,0
275,118,52,2,1499,0
276,119,25,1,12999,0
277,119,14,2,999,0
278,120,4,2,1499,200
279,120,44,3,3999,500
280,121,31,1,2499,0
281,121,20,1,1499,0
282,122,59,1,5999,500
283,122,46,1,2499,200
284,122,59,1,5999,500
285,122,21,2,5999,200
286,123,24,3,12999,200
287,123,30,1,999,200
288,123,49,2,5999,0
289,124,48,1,3999,0
290,124,17,3,12999,500
291,125,13,2,12999,0
292,125,25,3,12999,0
293,126,47,3,999,200
294,126,30,1,999,0
295,126,11,1,2499,500
296,126,32,1,999,500
297,127,53,3,12999,0
298,128,5,3,12999,0
299,128,1,1,2499,500
300,129,43,2,2499,0
301,129,1,3,2499,500
302,129,27,1,2499,0
303,129,34,3,12999,0
304,130,52,1,1499,0
305,130,59,1,5999,500
306,130,10,1,999,0
307,130,40,3,2499,0
308,131,26,2,2499,500
309,131,16,3,12999,0
310,131,20,3,1499,0
311,132,36,2,5999,0
312,132,41,1,1499,0
313,132,6,2,3999,200
314,132,42,2,2499,500
315,133,58,3,3999,500
316,133,31,2,2499,0
317,134,12,2,2499,0
318,135,60,1,999,0
319,135,11,3,2499,0
320,135,37,2,12999,500
321,135,22,2,999,0
322,136,28,1,12999,0
323,137,2,3,3999,0
324,137,51,2,5999,200
325,137,15,2,1499,500
326,138,6,3,3999,0
327,138,52,1,1499,0
328,138,6,2,3999,0
329,138,25,3,12999,0
330,139,1,2,2499,200
331,140,12,2,2499,200
332,141,2,1,3999,0
333,142,1,2,2499,200
334,142,25,1,12999,500
335,142,58,1,3999,500
336,142,34,1,12999,200
337,143,32,1,999,0
338,143,11,2,2499,0
339,143,27,2,2499,200
340,144,39,3,2499,0
341,144,30,1,999,0
342,144,20,1,1499,200
343,144,22,3,999,200
344,145,20,2,1499,500
345,145,45,1,12999,200
346,146,48,3,3999,200
347,146,37,1,12999,0
348,146,25,2,12999,200
349,147,44,3,3999,0
350,147,47,2,999,0
351,148,44,2,3999,0
352,148,41,2,1499,0
353,148,17,3,12999,0
354,148,46,2,2499,200
355,149,35,3,1499,200
356,149,35,1,1499,0
357,149,45,3,12999,500
358,149,41,1,1499,0
359,150,37,3,12999,200
360,151,15,3,1499,500
361,151,36,3,5999,500
362,151,15,2,1499,0
363,152,2,2,3999,0
364,152,19,2,2499,0
365,152,8,3,3999,0
366,153,34,2,12999,0
367,153,31,1,2499,200
368,154,52,3,1499,0
369,155,60,3,999,0
370,155,34,1,12999,500
371,156,52,2,1499,0
372,156,12,3,2499,200
373,157,25,1,12999,0
374,157,14,2,999,0
375,157,37,1,12999,500
376,157,12,2,2499,0
377,158,34,3,12999,0
378,158,39,2,2499,500
379,158,26,3,2499,0
380,158,23,2,3999,200
381,159,44,1,3999,0
382,160,24,3,12999,0
383,160,33,2,5999,200
384,161,32,3,999,500
385,161,45,3,12999,0
386,162,12,2,2499,200
387,162,40,1,2499,0
388,163,36,3,5999,200
389,163,27,3,2499,200
390,163,27,3,2499,200
391,163,32,1,999,0
392,164,18,1,999,500
393,165,36,3,5999,0
394,165,37,1,12999,0
395,165,50,3,999,0
396,165,35,1,1499,200
397,166,20,1,1499,200
398,166,17,2,12999,0
399,167,56,3,1499,500
400,167,41,2,1499,0
401,167,40,1,2499,0
402,168,39,3,2499,0
403,168,21,3,5999,0
404,168,19,3,2499,0
405,169,18,3,999,0
406,170,54,1,999,200
407,170,32,1,999,500
408,170,41,2,1499,200
409,171,26,3,2499,0
410,172,56,3,1499,0
411,173,51,3,5999,200
412,174,21,2,5999,0
413,174,36,3,5999,0
414,174,37,2,12999,0
415,175,2,1,3999,0
416,175,29,2,1499,0
417,175,28,1,12999,0
418,175,57,3,2499,0
419,176,17,1,12999,0
420,176,43,3,2499,0
421,176,4,2,1499,0
422,177,1,1,2499,200
423,178,1,1,2499,0
424,178,53,1,12999,200
425,178,45,1,12999,200
426,178,5,1,12999,200
427,179,24,2,12999,0
428,179,25,1,12999,0
429,179,5,3,12999,500
430,180,47,1,999,0
431,180,59,2,5999,500
432,180,44,2,3999,0
433,181,38,3,2499,200
434,182,16,2,12999,0
435,182,16,3,12999,500
436,183,14,3,999,500
437,183,33,1,5999,200
438,183,19,3,2499,0
439,184,32,3,999,500
440,184,5,3,12999,0
441,185,24,3,12999,0
442,185,49,2,5999,0
443,185,2,3,3999,0
444,185,1,2,2499,0
445,186,41,3,1499,500
446,186,50,2,999,200
447,186,45,2,12999,0
448,187,20,1,1499,500
449,188,20,3,1499,200
450,189,8,2,3999,500
451,189,39,1,2499,0
452,189,43,3,2499,0
453,189,8,1,3999,0
454,190,11,2,2499,0
455,190,48,2,3999,0
456,190,50,1,999,0
457,191,46,3,2499,0
458,191,32,2,999,500
459,191,24,1,12999,200
460,192,50,1,999,500
461,192,44,3,3999,0
462,192,15,3,1499,500
463,193,31,2,2499,200
464,194,15,2,1499,0
465,194,27,3,2499,0
466,194,18,1,999,500
467,194,24,1,12999,500
468,195,26,1,2499,200
469,196,1,2,2499,0
470,196,19,3,2499,0
471,196,48,3,3999,0
472,196,30,2,999,500
473,197,60,2,999,0
474,198,22,1,999,200
475,199,27,2,2499,0
476,199,10,3,999,0
477,200,45,2,12999,200
478,200,48,1,3999,500
479,200,7,3,1499,0
480,200,41,2,1499,0
481,201,16,2,12999,0
482,201,55,2,2499,200
483,202,5,1,12999,0
484,202,50,3,999,0
485,203,27,1,2499,500
486,203,23,1,3999,200
487,203,20,2,1499,0
488,204,53,3,12999,500
489,204,3,1,1499,0
490,204,10,1,999,0
491,205,17,1,12999,0
492,205,26,2,2499,500
493,205,48,3,3999,0
494,206,8,1,3999,0
495,206,54,1,999,0
496,207,38,3,2499,0
497,208,52,1,1499,0
498,208,58,2,3999,0
499,208,3,2,1499,0
500,208,11,3,2499,200
501,209,12,2,2499,0
502,209,59,1,5999,0
503,209,18,2,999,0
504,209,3,3,1499,500
505,210,57,3,2499,200
506,210,4,1,1499,0
507,210,25,1,12999,200
508,210,13,3,12999,500
509,211,31,3,2499,200
510,211,23,3,3999,500
511,211,21,2,5999,0
512,212,2,2,3999,0
513,212,52,2,1499,500
514,213,16,3,12999,0
515,214,37,2,12999,0
516,214,60,1,999,0
517,215,59,3,5999,0
518,215,46,3,2499,0
519,215,37,3,12999,0
520,216,12,2,2499,0
521,216,6,1,3999,0
522,216,39,1,2499,0
523,217,52,1,1499,0
524,217,46,1,2499,0
525,218,50,1,999,500
526,218,56,2,1499,0
527,219,21,1,5999,0
528,219,47,2,999,200
529,219,42,2,2499,0
530,220,25,2,12999,0
531,220,9,1,999,0
532,221,59,3,5999,0
533,221,41,3,1499,0
534,221,60,2,999,0
535,222,21,1,5999,0
536,222,53,3,12999,0
537,222,29,1,1499,0
538,223,51,1,5999,0
539,223,4,2,1499,200
540,223,47,2,999,0
541,224,7,2,1499,500
542,224,42,3,2499,0
543,224,11,2,2499,0
544,224,52,1,1499,0
545,225,22,1,999,200
546,226,22,3,999,500
547,227,39,2,2499,0
548,227,4,1,1499,0
549,228,43,2,2499,0
550,228,16,1,12999,0
551,228,26,3,2499,500
552,229,28,1,12999,0
553,230,11,3,2499,0
554,230,6,2,3999,0
555,231,6,3,3999,500
556,231,25,1,12999,0
557,231,57,2,2499,0
558,232,30,2,999,0
559,232,54,2,999,500
560,232,4,1,1499,0
561,232,6,3,3999,0
562,233,54,2,999,500
563,234,31,2,2499,0
564,234,26,3,2499,0
565,235,8,2,3999,0
566,235,11,1,2499,0
567,236,13,3,12999,0
568,236,54,3,999,0
569,236,21,3,5999,0
570,236,6,2,3999,500
571,237,59,1,5999,500
572,237,38,3,2499,200
573,237,8,2,3999,0
574,237,10,3,999,500
575,238,51,2,5999,500
576,239,37,3,12999,200
577,239,3,1,1499,0
578,239,26,1,2499,500
579,239,39,3,2499,200
580,240,4,3,1499,200
581,240,59,2,5999,0
582,241,54,2,999,0
583,241,56,1,1499,0
584,241,20,3,1499,200
585,242,13,2,12999,0
586,243,53,1,12999,500
587,243,51,1,5999,0
588,243,20,3,1499,500
589,244,12,1,2499,0
590,245,59,2,5999,0
591,246,41,1,1499,0
592,246,16,2,12999,200
593,246,39,2,2499,0
594,246,56,2,1499,500
595,247,48,3,3999,0
596,247,19,1,2499,200
597,247,4,1,1499,500
598,248,18,3,999,200
599,248,33,1,5999,0
600,249,15,2,1499,500
601,250,55,2,2499,200
602,250,17,1,12999,200
603,250,20,3,1499,500
604,250,53,3,12999,200
605,251,36,3,5999,500
606,251,39,2,2499,0
607,251,44,1,3999,200
608,252,56,2,1499,0
609,252,42,3,2499,0
610,252,13,1,12999,500
611,253,44,1,3999,0
612,253,42,2,2499,0
613,253,17,2,12999,200
614,254,22,3,999,0
615,254,44,3,3999,200
616,255,54,3,999,500
617,255,12,2,2499,0
618,256,44,2,3999,0
619,256,15,2,1499,0
620,257,38,2,2499,200
621,257,55,1,2499,200
622,257,4,3,1499,500
623,258,33,1,5999,200
624,258,34,2,12999,200
625,259,27,3,2499,200
626,259,10,2,999,0
627,259,50,1,999,200
628,260,1,2,2499,0
629,261,9,3,999,200
630,262,1,1,2499,500
631,262,13,3,12999,0
632,262,1,2,2499,500
633,262,13,1,12999,0
634,263,7,2,1499,500
635,263,38,2,2499,0
636,264,47,3,999,500
637,264,34,2,12999,200
638,264,57,3,2499,0
639,264,22,2,999,0
640,265,15,3,1499,0
641,265,14,3,999,0
642,266,25,3,12999,0
643,267,43,1,2499,0
644,268,25,1,12999,500
645,268,17,2,12999,0
646,268,14,3,999,0
647,268,20,2,1499,0
648,269,33,3,5999,500
649,270,32,1,999,500
650,271,46,2,2499,0
651,271,11,1,2499,500
652,271,32,1,999,200
653,272,59,1,5999,500
654,273,47,3,999,0
655,274,17,2,12999,0
656,274,7,1,1499,0
657,274,55,2,2499,0
658,275,1,1,2499,0
659,276,24,2,12999,0
660,277,54,2,999,200
661,277,52,2,1499,0
662,277,8,1,3999,0
663,278,52,3,1499,200
664,278,12,3,2499,200
665,278,50,2,999,500
666,278,2,3,3999,0
667,279,29,1,1499,0
668,279,17,3,12999,0
669,279,1,3,2499,500
670,279,50,3,999,500
671,280,28,3,12999,0
672,281,1,3,2499,0
673,282,5,2,12999,0
674,282,16,2,12999,0
675,283,26,1,2499,0
676,283,30,2,999,500
677,283,29,1,1499,200
678,283,29,2,1499,0
679,284,27,1,2499,500
680,284,36,1,5999,0
681,284,51,3,5999,500
682,284,41,2,1499,500
683,285,53,1,12999,0
684,285,55,2,2499,0
685,285,36,3,5999,500
686,286,8,1,3999,0
687,286,1,2,2499,0
688,286,54,3,999,0
689,286,36,3,5999,0
690,287,53,3,12999,200
691,287,7,2,1499,500
692,288,14,2,999,0
693,288,46,2,2499,0
694,288,49,2,5999,0
695,288,60,3,999,500
696,289,32,1,999,500
697,289,48,1,3999,500
698,290,45,3,12999,0
699,290,47,1,999,0
700,291,27,3,2499,0
701,291,18,2,999,0
702,291,19,2,2499,0
703,291,9,2,999,500
704,292,13,1,12999,500
705,292,46,2,2499,0
706,293,46,1,2499,0
707,293,36,2,5999,500
708,293,37,3,12999,200
709,294,34,1,12999,0
710,295,13,2,12999,0
711,296,45,2,12999,0
712,297,7,3,1499,500
713,297,56,1,1499,500
714,297,25,1,12999,500
715,297,51,3,5999,0
716,298,36,1,5999,0
717,298,48,2,3999,0
718,298,40,2,2499,0
719,299,19,2,2499,0
720,299,44,1,3999,0
721,300,3,2,1499,0
722,300,36,2,5999,0
723,300,11,3,2499,0
724,300,1,2,2499,200
725,301,39,1,2499,500
726,301,54,3,999,0
727,301,32,3,999,500
728,302,12,3,2499,0
729,302,51,3,5999,0
730,303,15,1,1499,0
731,303,22,2,999,0
732,303,14,3,999,500
733,304,29,1,1499,500
734,304,59,3,5999,0
735,304,3,3,1499,0
736,305,2,3,3999,0
737,305,33,3,5999,200
738,305,32,1,999,0
739,306,11,3,2499,500
740,307,56,3,1499,200
741,307,54,1,999,0
742,308,48,3,3999,0
743,309,5,1,12999,0
744,310,59,2,5999,200
745,310,25,2,12999,200
746,311,35,1,1499,500
747,312,23,3,3999,0
748,313,19,2,2499,200
749,314,35,1,1499,0
750,314,48,2,3999,500
751,315,1,3,2499,500
752,315,10,1,999,0
753,315,1,3,2499,500
754,316,48,3,3999,0
755,316,14,2,999,500
756,317,13,1,12999,0
757,317,43,3,2499,0
758,317,55,3,2499,200
759,318,17,1,12999,0
760,319,43,3,2499,0
761,319,7,2,1499,500
762,320,22,3,999,0
763,320,45,3,12999,0
764,320,37,3,12999,0
765,320,52,2,1499,200
766,321,46,3,2499,200
767,321,18,2,999,0
768,322,50,2,999,200
769,322,36,1,5999,0
770,322,42,3,2499,0
771,323,47,1,999,0
772,324,50,3,999,0
773,324,59,1,5999,500
774,324,17,3,12999,500
775,324,31,3,2499,0
776,325,9,2,999,500
777,325,33,1,5999,200
778,325,24,3,12999,0
779,326,29,1,1499,0
780,326,37,3,12999,0
781,327,15,1,1499,0
782,327,24,1,12999,0
783,327,43,1,2499,500
784,327,59,2,5999,200
785,328,7,3,1499,500
786,328,41,2,1499,0
787,328,38,3,2499,500
788,329,34,2,12999,200
789,330,32,2,999,500
790,330,1,3,2499,0
791,330,29,1,1499,0
792,331,12,1,2499,0
793,331,39,3,2499,0
794,332,31,3,2499,200
795,333,2,1,3999,0
796,333,9,3,999,500
797,333,11,1,2499,500
798,333,3,3,1499,0
799,334,34,2,12999,500
800,334,37,3,12999,0
801,335,56,2,1499,0
802,335,15,2,1499,500
803,335,10,3,999,0
804,335,40,3,2499,500
805,336,39,3,2499,0
806,336,15,2,1499,200
807,336,9,1,999,0
808,336,13,3,12999,500
809,337,58,3,3999,500
810,337,3,3,1499,500
811,337,49,1,5999,0
812,337,31,3,2499,0
813,338,24,1,12999,500
814,338,28,1,12999,200
815,338,51,2,5999,0
816,338,38,3,2499,500
817,339,50,1,999,0
818,339,19,3,2499,500
819,339,27,2,2499,0
820,339,1,3,2499,0
821,340,25,3,12999,0
822,341,28,3,12999,500
823,341,17,2,12999,500
824,342,44,2,3999,0
825,342,27,3,2499,500
826,342,31,1,2499,0
827,343,37,2,12999,200
828,343,48,1,3999,0
829,343,48,1,3999,200
830,344,51,2,5999,500
831,344,40,3,2499,0
832,344,11,2,2499,0
833,344,52,1,1499,0
834,345,24,1,12999,500
835,345,3,3,1499,200
836,346,50,1,999,200
837,347,13,1,12999,500
838,347,33,3,5999,0
839,347,40,1,2499,0
840,348,18,2,999,0
841,349,48,3,3999,0
842,350,23,2,3999,0
843,350,39,1,2499,200
844,350,60,2,999,500
845,351,36,1,5999,500
846,352,57,3,2499,500
847,352,17,3,12999,200
848,352,25,3,12999,200
849,353,58,3,3999,0
850,353,31,1,2499,0
851,353,5,2,12999,0
852,353,44,3,3999,0
853,354,45,2,12999,0
854,355,5,3,12999,0
855,355,31,2,2499,0
856,355,14,3,999,0
857,356,16,3,12999,0
858,356,56,2,1499,0
859,357,10,1,999,0
860,357,59,1,5999,200
861,357,40,1,2499,500
862,358,32,3,999,0
863,358,32,1,999,500
864,358,18,2,999,0
865,359,31,3,2499,0
866,359,33,2,5999,200
867,359,56,3,1499,0
868,359,30,1,999,500
869,360,25,3,12999,0
870,360,21,2,5999,500
871,361,31,3,2499,0
872,361,24,1,12999,200
873,361,28,1,12999,200
874,362,12,3,2499,0
875,362,37,3,12999,0
876,362,53,1,12999,0
877,362,52,1,1499,500
878,363,31,1,2499,0
879,363,27,2,2499,0
880,364,20,2,1499,500
881,364,55,3,2499,0
882,364,26,1,2499,0
883,364,4,1,1499,0
884,365,24,3,12999,500
885,365,60,2,999,0
886,365,2,2,3999,0
887,366,50,2,999,0
888,366,21,3,5999,500
889,367,25,3,12999,0
890,368,41,2,1499,200
891,368,41,3,1499,500
892,369,15,2,1499,0
893,369,42,2,2499,0
894,369,39,3,2499,200
895,370,27,1,2499,0
896,370,55,1,2499,0
897,370,47,1,999,0
898,370,48,3,3999,0
899,371,5,2,12999,500
900,372,7,2,1499,500
901,373,16,3,12999,0
902,373,29,3,1499,0
903,374,43,2,2499,0
904,375,9,3,999,500
905,375,12,3,2499,500
906,375,30,3,999,500
907,375,28,3,12999,500
908,376,52,1,1499,200
909,376,20,2,1499,200
910,377,34,1,12999,0
911,378,49,2,5999,0
912,378,1,2,2499,0
913,378,39,1,2499,0
914,378,36,2,5999,0
915,379,11,3,2499,200
916,379,54,2,999,0
917,380,34,3,12999,0
918,380,19,3,2499,500
919,381,12,1,2499,0
920,382,18,3,999,500
921,382,32,1,999,0
922,382,2,1,3999,0
923,382,35,1,1499,0
924,383,47,1,999,0
925,383,6,1,3999,0
926,383,32,1,999,0
927,383,27,2,2499,200
928,384,54,1,999,0
929,385,58,2,3999,200
930,385,54,1,999,0
931,386,13,2,12999,0
932,387,44,2,3999,0
933,387,11,3,2499,0
934,387,48,3,3999,500
935,387,8,2,3999,200
936,388,56,3,1499,0
937,389,11,2,2499,500
938,390,38,3,2499,200
939,391,32,1,999,500
940,391,22,3,999,0
941,392,9,2,999,0
942,393,47,1,999,0
943,393,45,2,12999,0
944,393,47,1,999,0
945,393,58,1,3999,200
946,394,13,3,12999,0
947,394,35,2,1499,0
948,394,47,2,999,0
949,394,56,3,1499,500
950,395,19,2,2499,500
951,395,24,2,12999,0
952,395,50,3,999,500
953,395,25,3,12999,0
954,396,21,3,5999,0
955,396,43,3,2499,200
956,397,40,2,2499,0
957,397,27,3,2499,0
958,398,3,1,1499,0
959,399,7,1,1499,500
960,399,42,2,2499,200
961,400,15,3,1499,0
962,400,1,1,2499,200
963,400,60,1,999,200
964,401,51,3,5999,0
965,401,53,3,12999,0
966,401,34,1,12999,0
967,402,47,1,999,500
968,403,37,3,12999,0
969,403,36,3,5999,500
970,404,44,2,3999,200
971,404,57,1,2499,0
972,404,51,1,5999,500
973,405,35,3,1499,200
974,405,60,2,999,0
975,406,53,3,12999,0
976,406,39,1,2499,500
977,406,35,1,1499,200
978,406,50,3,999,0
979,407,47,1,999,0
980,408,1,2,2499,0
981,408,14,2,999,0
982,408,50,3,999,0
983,409,30,2,999,0
984,410,15,2,1499,0
985,410,6,3,3999,200
986,411,51,2,5999,0
987,411,32,3,999,500
988,411,53,1,12999,500
989,412,59,2,5999,0
990,413,48,3,3999,500
991,413,60,1,999,200
992,414,35,3,1499,0
993,414,21,3,5999,0
994,414,10,1,999,200
995,415,28,2,12999,200
996,415,10,1,999,0
997,416,17,1,12999,200
998,416,33,2,5999,0
999,416,49,1,5999,200
1000,416,36,1,5999,200
1001,417,16,1,12999,0
1002,417,50,2,999,0
1003,418,28,2,12999,0
1004,418,13,2,12999,0
1005,418,39,3,2499,0
1006,418,50,2,999,0
1007,419,60,1,999,0
1008,420,16,3,12999,0
1009,421,20,2,1499,200
1010,422,14,3,999,500
1011,422,49,2,5999,500
1012,423,25,3,12999,500
1013,424,13,3,12999,500
1014,424,18,1,999,200
1015,424,42,1,2499,0
1016,425,56,1,1499,0
1017,425,19,3,2499,200
1018,425,15,2,1499,500
1019,426,12,1,2499,500
1020,427,60,3,999,0
1021,427,22,2,999,200
1022,428,16,3,12999,0
1023,428,52,1,1499,0
1024,428,57,2,2499,0
1025,429,58,2,3999,0
1026,429,6,3,3999,200
1027,429,34,3,12999,500
1028,430,28,2,12999,500
1029,430,22,2,999,500
1030,431,56,1,1499,0
1031,431,45,3,12999,500
1032,432,21,1,5999,500
1033,432,35,3,1499,0
1034,433,49,2,5999,200
1035,434,7,1,1499,0
1036,434,2,3,3999,500
1037,435,15,3,1499,0
1038,435,23,1,3999,200
1039,436,12,2,2499,200
1040,436,31,1,2499,0
1041,436,13,1,12999,0
1042,437,48,3,3999,0
1043,437,49,1,5999,0
1044,438,56,2,1499,0
1045,438,28,2,12999,0
1046,438,39,3,2499,200
1047,439,34,1,12999,200
1048,440,48,1,3999,500
1049,440,25,3,12999,0
1050,440,13,2,12999,200
1051,440,26,2,2499,0
1052,441,45,3,12999,0
1053,442,12,3,2499,500
1054,443,2,1,3999,200
1055,443,38,3,2499,0
1056,443,57,2,2499,0
1057,443,17,2,12999,0
1058,444,41,2,1499,0
1059,444,34,3,12999,200
1060,444,47,3,999,500
1061,444,11,2,2499,500
1062,445,37,3,12999,0
1063,445,11,1,2499,0
1064,445,50,3,999,0
1065,446,19,3,2499,0
1066,446,8,1,3999,0
1067,446,1,3,2499,0
1068,446,1,2,2499,200
1069,447,16,1,12999,500
1070,447,43,2,2499,200
1071,447,27,2,2499,0
1072,447,39,3,2499,0
1073,448,4,1,1499,0
1074,448,4,3,1499,0
1075,449,22,1,999,0
1076,449,7,2,1499,0
1077,449,11,3,2499,0
1078,450,60,1,999,0
1079,450,50,2,999,0
1080,450,24,2,12999,0
1081,451,9,1,999,0
1082,451,22,3,999,200
1083,451,34,1,12999,0
1084,451,40,1,2499,0
1085,452,47,3,999,500
1086,452,60,3,999,0
1087,452,28,3,12999,0
1088,452,17,3,12999,500
1089,453,32,1,999,500
1090,453,15,3,1499,0
1091,453,13,1,12999,0
1092,453,2,2,3999,0
1093,454,22,2,999,500
1094,455,17,1,12999,0
1095,455,20,3,1499,500
1096,455,21,1,5999,0
1097,456,54,1,999,0
1098,457,52,1,1499,0
1099,457,31,1,2499,200
1100,457,58,3,3999,0
1101,457,30,2,999,0
1102,458,14,3,999,0
1103,459,22,2,999,500
1104,460,56,2,1499,0
1105,461,57,1,2499,0
1106,461,29,2,1499,0
1107,461,34,2,12999,0
1108,461,8,2,3999,0
1109,462,52,2,1499,500
1110,463,47,3,999,0
1111,463,50,2,999,0
1112,463,50,1,999,500
1113,463,44,1,3999,0
1114,464,1,2,2499,0
1115,465,7,3,1499,0
1116,466,21,1,5999,0
1117,466,19,2,2499,500
1118,467,11,2,2499,0
1119,467,1,3,2499,500
1120,468,36,2,5999,0
1121,468,10,3,999,0
1122,468,37,1,12999,0
1123,469,4,1,1499,0
1124,469,31,3,2499,0
1125,469,7,2,1499,0
1126,469,6,2,3999,200
1127,470,20,2,1499,0
1128,470,46,3,2499,500
1129,470,6,2,3999,500
1130,471,20,3,1499,200
1131,471,31,1,2499,0
1132,471,10,3,999,0
1133,471,59,2,5999,200
1134,472,30,2,999,0
1135,472,5,2,12999,0
1136,472,23,2,3999,200
1137,473,33,1,5999,200
1138,473,53,3,12999,0
1139,474,35,2,1499,200
1140,474,38,2,2499,0
1141,474,40,1,2499,500
1142,475,53,3,12999,500
1143,475,28,2,12999,500
1144,476,48,3,3999,500
1145,477,53,2,12999,0
1146,478,44,3,3999,200
1147,479,53,1,12999,500
1148,479,58,3,3999,0
1149,480,25,3,12999,500
1150,480,29,1,1499,0
1151,480,44,2,3999,0
1152,481,46,2,2499,0
1153,481,38,1,2499,500
1154,481,33,2,5999,0
1155,481,55,2,2499,0
1156,482,8,2,3999,0
1157,482,16,2,12999,500
1158,482,26,3,2499,0
1159,483,43,1,2499,200
1160,483,9,1,999,500
1161,484,56,3,1499,0
1162,484,9,1,999,0
1163,484,42,1,2499,0
1164,485,9,3,999,200
1165,486,30,3,999,200
1166,486,36,2,5999,200
1167,487,37,2,12999,0
1168,488,3,1,1499,500
1169,488,31,3,2499,0
1170,488,8,3,3999,200
1171,489,30,3,999,0
1172,489,34,3,12999,0
1173,489,16,2,12999,0
1174,490,58,2,3999,500
1175,491,37,3,12999,0
1176,491,27,2,2499,0
1177,491,19,1,2499,0
1178,491,45,3,12999,0
1179,492,38,1,2499,500
1180,492,4,3,1499,0
1181,492,52,3,1499,500
1182,492,2,2,3999,200
1183,493,17,1,12999,500
1184,493,18,2,999,0
1185,493,1,3,2499,0
1186,494,24,1,12999,0
1187,494,51,3,5999,0
1188,494,32,1,999,500
1189,494,56,1,1499,0
1190,495,49,2,5999,200
1191,495,16,3,12999,200
1192,495,47,3,999,0
1193,495,14,3,999,0
1194,496,4,1,1499,200
1195,497,25,3,12999,200
1196,497,31,2,2499,0
1197,498,25,3,12999,0
1198,498,34,3,12999,0
1199,498,7,3,1499,0
1200,498,55,2,2499,500
1201,499,17,3,12999,500
1202,500,34,2,12999,0
1203,500,21,3,5999,0
1204,501,34,1,12999,200
1205,502,3,1,1499,500
1206,502,6,1,3999,500
1207,503,6,3,3999,0
1208,504,45,1,12999,0
1209,505,60,2,999,200
1210,505,45,3,12999,0
1211,505,17,1,12999,0
1212,505,18,1,999,200
1213,506,12,2,2499,0
1214,506,32,1,999,500
1215,506,26,1,2499,200
1216,507,59,2,5999,0
1217,508,50,2,999,0
1218,508,58,2,3999,0
1219,508,42,3,2499,0
1220,509,45,2,12999,200
1221,509,37,1,12999,500
1222,510,35,1,1499,0
1223,511,22,3,999,0
1224,511,26,1,2499,0
1225,511,24,3,12999,0
1226,512,12,3,2499,0
1227,512,25,3,12999,0
1228,513,57,3,2499,200
1229,514,47,3,999,0
1230,515,32,3,999,200
1231,515,2,1,3999,0
1232,515,4,2,1499,0
1233,516,44,3,3999,0
1234,516,48,3,3999,0
1235,516,60,1,999,0
1236,516,48,1,3999,200
1237,517,1,1,2499,0
1238,517,58,2,3999,0
1239,518,53,1,12999,0
1240,519,28,2,12999,200
1241,519,21,1,5999,500
1242,520,49,1,5999,500
1243,520,12,2,2499,0
1244,521,11,3,2499,0
1245,521,36,1,5999,200
1246,521,16,3,12999,0
1247,521,9,1,999,500
1248,522,6,1,3999,0
1249,522,12,1,2499,500
1250,522,57,2,2499,200
1251,522,45,2,12999,0
1252,523,27,1,2499,0
1253,523,40,3,2499,0
1254,523,39,1,2499,200
1255,523,40,1,2499,0
1256,524,13,1,12999,500
1257,524,7,3,1499,0
1258,525,18,1,999,0
1259,525,8,1,3999,200
1260,526,4,3,1499,0
1261,527,40,2,2499,0
1262,527,7,3,1499,0
1263,527,60,3,999,0
1264,528,5,1,12999,200
1265,529,15,1,1499,0
1266,529,15,1,1499,0
1267,529,48,2,3999,0
1268,530,4,2,1499,0
1269,530,14,3,999,200
1270,530,12,2,2499,0
1271,530,9,2,999,0
1272,531,3,3,1499,500
1273,531,4,2,1499,0
1274,532,49,2,5999,0
1275,532,57,2,2499,500
1276,533,6,2,3999,500
1277,533,32,1,999,500
1278,534,48,1,3999,0
1279,534,21,2,5999,500
1280,534,15,3,1499,0
1281,534,59,3,5999,0
1282,535,28,3,12999,200
1283,536,16,1,12999,500
1284,536,49,1,5999,200
1285,536,14,1,999,0
1286,536,19,1,2499,0
1287,537,55,3,2499,500
1288,537,2,2,3999,200
1289,537,50,1,999,200
1290,537,12,2,2499,200
1291,538,34,1,12999,0
1292,538,28,2,12999,500
1293,538,35,3,1499,0
1294,539,33,3,5999,0
1295,540,24,2,12999,0
1296,541,9,2,999,0
1297,541,35,1,1499,200
1298,542,21,2,5999,0
1299,542,33,3,5999,200
1300,543,29,2,1499,500
1301,543,34,1,12999,200
1302,543,46,3,2499,500
1303,544,13,2,12999,0
1304,545,7,1,1499,0
1305,546,56,1,1499,500
1306,546,41,1,1499,0
1307,547,27,2,2499,0
1308,547,19,1,2499,0
1309,547,2,1,3999,500
1310,548,32,3,999,500
1311,548,54,3,999,200
1312,548,30,2,999,500
1313,549,15,2,1499,0
1314,549,19,1,2499,0
1315,549,23,2,3999,200
1316,550,12,1,2499,0
1317,550,11,1,2499,0
1318,550,3,2,1499,500
1319,551,14,3,999,0
1320,551,43,2,2499,0
1321,552,35,2,1499,0
1322,552,59,1,5999,200
1323,553,10,1,999,500
1324,553,33,2,5999,0
1325,553,31,2,2499,500
1326,554,47,2,999,0
1327,555,26,3,2499,0
1328,556,39,3,2499,0
1329,557,13,1,12999,0
1330,557,35,2,1499,0
1331,557,33,2,5999,0
1332,558,26,1,2499,200
1333,558,24,2,12999,0
1334,558,1,2,2499,0
1335,559,14,3,999,200
1336,560,47,2,999,0
1337,560,54,3,999,500
1338,560,6,1,3999,0
1339,560,20,2,1499,500
1340,561,27,3,2499,0
1341,562,13,1,12999,200
1342,562,19,3,2499,200
1343,563,15,1,1499,0
1344,563,10,2,999,0
1345,563,41,3,1499,200
1346,563,8,3,3999,0
1347,564,2,1,3999,0
1348,564,32,1,999,500
1349,565,56,2,1499,200
1350,565,45,1,12999,0
1351,565,33,3,5999,500
1352,565,2,2,3999,0
1353,566,57,3,2499,0
1354,566,23,1,3999,0
1355,566,18,2,999,200
1356,566,41,2,1499,0
1357,567,33,1,5999,0
1358,568,56,2,1499,0
1359,568,18,3,999,0
1360,568,7,3,1499,500
1361,569,24,2,12999,200
1362,569,22,1,999,0
1363,569,14,1,999,500
1364,570,27,2,2499,0
1365,571,20,3,1499,0
1366,571,9,2,999,500
1367,571,34,2,12999,0
1368,572,55,3,2499,0
1369,572,45,1,12999,0
1370,573,45,1,12999,0
1371,573,2,2,3999,200
1372,573,3,1,1499,0
1373,573,3,3,1499,500
1374,574,3,1,1499,0
1375,574,43,1,2499,0
1376,574,51,1,5999,500
1377,575,2,1,3999,0
1378,575,55,3,2499,0
1379,575,38,2,2499,0
1380,576,7,3,1499,0
1381,577,58,3,3999,0
1382,577,47,1,999,0
1383,578,29,3,1499,0
1384,578,12,2,2499,200
1385,579,49,2,5999,0
1386,580,49,2,5999,0
1387,580,36,3,5999,0
1388,580,6,2,3999,200
1389,580,8,2,3999,0
1390,581,15,3,1499,200
1391,581,19,2,2499,0
1392,581,55,1,2499,200
1393,581,44,2,3999,0
1394,582,26,2,2499,500
1395,583,45,3,12999,0
1396,583,48,1,3999,0
1397,583,24,1,12999,0
1398,583,13,3,12999,200
1399,584,18,3,999,500
1400,584,38,2,2499,200
1401,584,23,2,3999,500
1402,584,26,2,2499,500
1403,585,17,2,12999,200
1404,586,48,1,3999,0
1405,587,39,3,2499,0
1406,587,10,2,999,500
1407,587,40,1,2499,0
1408,587,43,3,2499,200
1409,588,32,3,999,0
1410,588,35,2,1499,500
1411,588,35,1,1499,0
1412,588,28,1,12999,200
1413,589,3,1,1499,0
1414,589,36,3,5999,0
1415,589,57,3,2499,0
1416,589,32,2,999,0
1417,590,37,3,12999,200
1418,591,33,1,5999,200
1419,591,17,2,12999,500
1420,592,21,1,5999,0
1421,592,38,1,2499,0
1422,592,54,2,999,0
1423,593,28,2,12999,0
1424,594,16,1,12999,0
1425,594,38,1,2499,0
1426,595,35,2,1499,0
1427,596,18,1,999,200
1428,596,38,1,2499,0
1429,596,25,3,12999,200
1430,596,21,3,5999,0
1431,597,33,3,5999,0
1432,597,11,3,2499,0
1433,597,24,2,12999,0
1434,597,32,3,999,0
1435,598,37,2,12999,0
1436,598,40,3,2499,0
1437,598,46,3,2499,0
1438,599,28,1,12999,0
1439,599,51,1,5999,0
1440,599,33,2,5999,200
1441,599,43,3,2499,0
1442,600,43,3,2499,0
1443,600,57,1,2499,500
1444,600,56,1,1499,500
1445,600,32,1,999,200
1446,601,34,1,12999,0
1447,602,55,2,2499,200
1448,602,21,1,5999,0
1449,602,55,2,2499,0
1450,603,26,1,2499,0
1451,603,10,1,999,0
1452,604,28,3,12999,0
1453,604,13,1,12999,0
1454,604,9,1,999,0
1455,604,51,2,5999,500
1456,605,51,1,5999,0
1457,605,56,1,1499,0
1458,605,39,2,2499,0
1459,605,58,2,3999,0
1460,606,37,3,12999,500
1461,607,57,1,2499,0
1462,607,39,1,2499,0
1463,607,22,3,999,200
1464,607,52,3,1499,0
1465,608,14,2,999,200
1466,608,27,2,2499,500
1467,609,21,3,5999,200
1468,610,24,2,12999,0
1469,610,53,2,12999,0
1470,611,17,3,12999,200
1471,611,20,3,1499,0
1472,612,25,1,12999,200
1473,612,60,2,999,0
1474,612,6,1,3999,0
1475,612,14,1,999,200
1476,613,18,1,999,200
1477,614,46,2,2499,0
1478,614,53,1,12999,0
1479,614,33,1,5999,0
1480,615,49,1,5999,0
1481,616,13,3,12999,0
1482,616,21,3,5999,0
1483,616,8,1,3999,0
1484,616,34,3,12999,0
1485,617,17,1,12999,500
1486,617,53,2,12999,0
1487,618,26,2,2499,500
1488,618,15,1,1499,0
1489,619,45,1,12999,0
1490,619,26,3,2499,200
1491,619,39,2,2499,0
1492,620,1,3,2499,500
1493,621,46,1,2499,0
1494,621,56,2,1499,0
1495,622,39,1,2499,0
1496,622,47,3,999,0
1497,623,2,2,3999,0
1498,623,16,3,12999,200
1499,624,31,1,2499,0
1500,625,46,2,2499,500
1501,625,17,1,12999,0
1502,625,36,1,5999,0
1503,625,22,1,999,200
1504,626,33,3,5999,200
1505,626,20,2,1499,0
1506,626,9,3,999,0
1507,627,60,2,999,200
1508,627,9,1,999,0
1509,627,46,3,2499,200
1510,627,10,2,999,0
1511,628,48,2,3999,200
1512,628,19,2,2499,500
1513,628,54,2,999,500
1514,629,49,1,5999,500
1515,629,55,3,2499,200
1516,629,4,1,1499,0
1517,629,4,1,1499,0
1518,630,28,1,12999,200
1519,630,3,2,1499,0
1520,630,46,3,2499,200
1521,630,30,2,999,0
1522,631,56,2,1499,0
1523,631,54,1,999,500
1524,632,34,3,12999,0
1525,633,44,1,3999,0
1526,633,2,2,3999,0
1527,633,26,2,2499,500
1528,633,60,1,999,0
1529,634,30,3,999,0
1530,634,39,3,2499,0
1531,634,22,1,999,500
1532,634,29,2,1499,500
1533,635,21,1,5999,0
1534,635,36,3,5999,200
1535,635,6,2,3999,0
1536,636,55,1,2499,0
1537,637,8,2,3999,200
1538,637,52,2,1499,0
1539,638,33,1,5999,200
1540,638,29,2,1499,200
1541,638,18,3,999,500
1542,639,40,1,2499,200
1543,639,41,2,1499,0
1544,639,3,3,1499,0
1545,640,34,3,12999,500
1546,640,6,2,3999,200
1547,640,28,1,12999,200
1548,640,20,1,1499,0
1549,641,37,1,12999,500
1550,641,5,1,12999,500
1551,641,7,3,1499,200
1552,642,23,2,3999,500
1553,642,6,3,3999,0
1554,642,8,3,3999,200
1555,643,27,3,2499,0
1556,644,40,2,2499,0
1557,644,59,1,5999,0
1558,644,12,1,2499,500
1559,644,17,3,12999,0
1560,645,8,1,3999,0
1561,645,42,2,2499,200
1562,645,45,2,12999,500
1563,645,47,2,999,0
1564,646,6,1,3999,0
1565,646,1,1,2499,0
1566,646,53,1,12999,0
1567,647,42,1,2499,200
1568,647,54,3,999,500
1569,648,10,2,999,200
1570,648,2,1,3999,0
1571,648,58,1,3999,200
1572,648,32,2,999,0
1573,649,37,2,12999,0
1574,649,22,1,999,0
1575,649,41,3,1499,200
1576,650,26,2,2499,500
1577,650,38,3,2499,500
1578,650,60,3,999,200
1579,650,15,3,1499,0
1580,651,18,3,999,200
1581,652,29,3,1499,200
1582,652,2,1,3999,0
1583,652,47,1,999,200
1584,653,38,3,2499,0
1585,653,59,3,5999,200
1586,654,51,2,5999,0
1587,654,40,1,2499,0
1588,654,45,3,12999,0
1589,655,39,2,2499,0
1590,655,51,2,5999,200
1591,656,2,2,3999,0
1592,657,52,1,1499,0
1593,658,32,2,999,0
1594,658,51,2,5999,0
1595,659,46,1,2499,200
1596,660,53,3,12999,0
1597,661,56,1,1499,0
1598,662,49,3,5999,200
1599,662,47,1,999,0
1600,662,42,2,2499,0
1601,662,53,1,12999,0
1602,663,22,2,999,500
1603,663,11,1,2499,0
1604,663,24,3,12999,200
1605,663,24,3,12999,0
1606,664,9,2,999,200
1607,664,59,2,5999,200
1608,665,10,1,999,500
1609,665,5,1,12999,0
1610,665,21,2,5999,0
1611,665,28,1,12999,200
1612,666,41,3,1499,500
1613,667,47,3,999,0
1614,667,59,2,5999,0
1615,667,53,2,12999,500
1616,668,57,3,2499,500
1617,668,51,3,5999,200
1618,669,57,2,2499,0
1619,669,3,3,1499,0
1620,670,14,1,999,500
1621,670,36,2,5999,500
1622,670,22,3,999,0
1623,671,47,2,999,500
1624,671,8,3,3999,0
1625,671,54,2,999,0
1626,672,29,2,1499,500
1627,673,23,2,3999,0
1628,673,43,3,2499,500
1629,674,7,2,1499,500
1630,674,38,1,2499,0
1631,675,54,2,999,0
1632,675,6,1,3999,200
1633,675,57,1,2499,200
1634,675,14,2,999,0
1635,676,56,2,1499,500
1636,676,32,3,999,200
1637,676,29,3,1499,200
1638,676,47,2,999,0
1639,677,9,3,999,500
1640,677,56,3,1499,0
1641,677,45,1,12999,200
1642,677,31,1,2499,0
1643,678,8,1,3999,0
1644,678,37,2,12999,0
1645,678,34,1,12999,0
1646,678,24,2,12999,0
1647,679,10,3,999,200
1648,679,4,2,1499,0
1649,680,36,2,5999,0
1650,681,37,2,12999,0
1651,681,51,2,5999,200
1652,681,54,3,999,500
1653,682,49,2,5999,200
1654,682,10,3,999,0
1655,682,6,3,3999,500
1656,682,27,2,2499,0
1657,683,48,2,3999,0
1658,683,56,1,1499,0
1659,683,37,3,12999,0
1660,683,36,3,5999,0
1661,684,37,3,12999,0
1662,685,2,2,3999,0
1663,685,16,3,12999,500
1664,686,32,1,999,0
1665,687,25,2,12999,0
1666,687,8,1,3999,500
1667,687,11,2,2499,0
1668,688,27,3,2499,0
1669,688,4,3,1499,0
1670,688,12,1,2499,0
1671,689,27,2,2499,0
1672,689,25,1,12999,0
1673,690,8,2,3999,0
1674,690,21,2,5999,500
1675,690,27,1,2499,200
1676,690,2,2,3999,0
1677,691,20,3,1499,200
1678,691,29,1,1499,500
1679,692,51,1,5999,500
1680,692,28,3,12999,200
1681,693,42,1,2499,0
1682,693,4,2,1499,0
1683,693,39,2,2499,200
1684,694,3,1,1499,500
1685,694,37,1,12999,0
1686,694,6,2,3999,0
1687,695,14,3,999,500
1688,695,52,2,1499,0
1689,695,41,2,1499,200
1690,695,18,1,999,0
1691,696,42,1,2499,500
1692,696,31,1,2499,0
1693,697,35,1,1499,0
1694,697,35,1,1499,200
1695,697,44,1,3999,0
1696,697,53,2,12999,500
1697,698,8,2,3999,0
1698,699,49,2,5999,0
1699,700,15,2,1499,0
1700,700,3,2,1499,200
1701,701,8,2,3999,500
1702,701,33,2,5999,0
1703,701,36,1,5999,500
1704,701,44,3,3999,500
1705,702,48,1,3999,0
1706,702,17,3,12999,0
1707,703,45,3,12999,500
1708,704,42,3,2499,0
1709,704,55,2,2499,200
1710,704,55,2,2499,0
1711,704,8,3,3999,500
1712,705,57,3,2499,0
1713,706,21,1,5999,200
1714,706,13,2,12999,0
1715,706,57,3,2499,0
1716,706,48,1,3999,200
1717,707,20,1,1499,0
1718,707,2,2,3999,200
1719,707,52,1,1499,500
1720,708,16,2,12999,0
1721,708,53,2,12999,500
1722,708,51,1,5999,0
1723,708,50,3,999,500
1724,709,6,1,3999,0
1725,710,4,2,1499,0
1726,710,20,3,1499,200
1727,711,19,2,2499,200
1728,712,30,2,999,200
1729,713,30,3,999,0
1730,714,38,1,2499,500
1731,715,27,2,2499,500
1732,715,29,1,1499,0
1733,715,9,1,999,0
1734,716,20,3,1499,500
1735,716,50,1,999,0
1736,716,31,2,2499,500
1737,717,4,1,1499,500
1738,717,53,3,12999,0
1739,718,51,1,5999,0
1740,718,13,3,12999,200
1741,719,40,2,2499,200
1742,719,22,1,999,0
1743,719,30,1,999,200
1744,720,30,3,999,0
1745,720,16,2,12999,0
1746,721,24,1,12999,0
1747,722,29,1,1499,500
1748,722,59,2,5999,0
1749,722,2,1,3999,0
1750,723,47,1,999,0
1751,723,55,3,2499,0
1752,723,12,1,2499,0
1753,724,25,3,12999,0
1754,724,22,1,999,0
1755,725,43,1,2499,500
1756,725,52,3,1499,200
1757,725,57,3,2499,0
1758,726,13,3,12999,200
1759,726,45,2,12999,0
1760,727,49,3,5999,500
1761,728,21,1,5999,0
1762,728,41,2,1499,0
1763,729,51,2,5999,500
1764,730,32,3,999,200
1765,730,12,2,2499,0
1766,730,34,3,12999,200
1767,731,41,3,1499,0
1768,731,14,1,999,0
1769,731,29,1,1499,200
1770,731,14,2,999,200
1771,732,17,3,12999,0
1772,732,9,1,999,0
1773,732,29,3,1499,0
1774,733,28,2,12999,200
1775,733,28,2,12999,0
1776,733,52,2,1499,0
1777,734,15,2,1499,0
1778,734,23,1,3999,0
1779,734,54,3,999,500
1780,734,35,3,1499,0
1781,735,24,1,12999,500
1782,736,48,3,3999,0
1783,736,13,3,12999,500
1784,736,9,3,999,500
1785,737,51,2,5999,200
1786,737,53,3,12999,0
1787,737,31,3,2499,500
1788,738,31,1,2499,500
1789,738,38,3,2499,200
1790,739,28,3,12999,200
1791,739,14,2,999,200
1792,740,20,3,1499,0
1793,740,32,3,999,0
1794,741,49,3,5999,500
1795,741,20,2,1499,500
1796,741,2,3,3999,0
1797,741,60,1,999,0
1798,742,26,1,2499,500
1799,742,25,1,12999,200
1800,743,6,1,3999,0
1801,743,44,3,3999,0
1802,743,3,3,1499,500
1803,744,59,2,5999,0
1804,745,30,1,999,0
1805,746,26,1,2499,0
1806,746,9,3,999,200
1807,746,31,3,2499,0
1808,746,25,1,12999,0
1809,747,11,3,2499,500
1810,747,20,3,1499,0
1811,747,33,3,5999,200
1812,747,18,1,999,0
1813,748,39,1,2499,500
1814,748,22,3,999,200
1815,748,30,2,999,500
1816,748,3,3,1499,0
1817,749,26,3,2499,0
1818,749,27,1,2499,0
1819,749,58,3,3999,200
1820,750,26,3,2499,0
1821,751,43,1,2499,0
1822,751,59,2,5999,200
1823,751,49,3,5999,0
1824,752,27,2,2499,0
1825,752,17,1,12999,500
1826,752,3,2,1499,0
1827,753,48,2,3999,0
1828,753,26,1,2499,0
1829,753,17,1,12999,0
1830,754,5,1,12999,500
1831,754,43,1,2499,200
1832,754,9,2,999,0
1833,754,54,1,999,0
1834,755,8,3,3999,200
1835,755,11,1,2499,0
1836,755,44,2,3999,0
1837,756,58,3,3999,500
1838,757,25,3,12999,0
1839,758,50,1,999,0
1840,758,24,1,12999,0
1841,758,6,1,3999,200
1842,758,2,1,3999,0
1843,759,52,3,1499,0
1844,760,53,2,12999,0
1845,761,28,1,12999,0
1846,761,14,1,999,0
1847,761,21,1,5999,0
1848,761,26,3,2499,0
1849,762,5,3,12999,0
1850,762,42,3,2499,0
1851,763,50,3,999,200
1852,763,7,3,1499,500
1853,763,51,3,5999,0
1854,764,44,3,3999,0
1855,764,22,1,999,0
1856,764,55,3,2499,200
1857,764,5,2,12999,0
1858,765,33,3,5999,0
1859,765,15,1,1499,500
1860,766,49,1,5999,500
1861,766,6,1,3999,0
1862,766,24,2,12999,0
1863,766,13,1,12999,200
1864,767,48,2,3999,0
1865,767,18,2,999,0
1866,767,34,2,12999,0
1867,767,49,1,5999,0
1868,768,59,3,5999,0
1869,769,12,2,2499,0
1870,769,5,2,12999,0
1871,769,13,1,12999,0
1872,770,16,3,12999,0
1873,770,28,3,12999,200
1874,771,12,3,2499,0
1875,771,20,2,1499,500
1876,771,29,3,1499,0
1877,771,18,2,999,0
1878,772,29,2,1499,500
1879,772,40,3,2499,200
1880,772,49,1,5999,200
1881,772,2,2,3999,200
1882,773,17,2,12999,200
1883,773,20,2,1499,0
1884,774,9,3,999,200
1885,774,13,1,12999,0
1886,774,1,1,2499,500
1887,775,26,3,2499,0
1888,775,25,2,12999,0
1889,775,42,3,2499,0
1890,775,27,1,2499,0
1891,776,17,3,12999,0
1892,776,33,3,5999,200
1893,776,41,3,1499,0
1894,776,45,1,12999,200
1895,777,3,2,1499,0
1896,777,45,3,12999,0
1897,777,17,3,12999,200
1898,777,44,1,3999,0
1899,778,50,1,999,200
1900,779,57,2,2499,0
1901,779,54,2,999,0
1902,780,47,2,999,0
1903,780,7,3,1499,500
1904,780,50,2,999,0
1905,781,45,2,12999,0
1906,781,11,2,2499,0
1907,781,7,1,1499,200
1908,781,34,2,12999,0
1909,782,46,1,2499,0
1910,782,32,1,999,500
1911,783,4,3,1499,0
1912,783,52,1,1499,0
1913,784,6,2,3999,0
1914,784,25,1,12999,0
1915,785,31,2,2499,0
1916,785,1,1,2499,0
1917,786,34,1,12999,200
1918,786,39,3,2499,0
1919,787,44,2,3999,0
1920,787,53,1,12999,0
1921,787,43,2,2499,200
1922,788,1,2,2499,200
1923,789,45,1,12999,0
1924,789,29,3,1499,200
1925,789,33,2,5999,0
1926,790,56,1,1499,0
1927,790,44,2,3999,0
1928,790,39,2,2499,200
1929,791,43,3,2499,0
1930,791,47,2,999,0
1931,791,39,1,2499,0
1932,791,56,3,1499,500
1933,792,20,3,1499,500
1934,793,43,3,2499,0
1935,793,16,1,12999,0
1936,793,49,3,5999,0
1937,793,7,2,1499,0
1938,794,15,3,1499,0
1939,794,43,2,2499,0
1940,794,43,1,2499,500
1941,795,60,3,999,500
1942,795,5,3,12999,0
1943,796,52,1,1499,0
1944,796,17,1,12999,0
1945,796,6,1,3999,0
1946,796,22,3,999,500
1947,797,9,2,999,200
1948,797,37,3,12999,0
1949,797,20,1,1499,500
1950,798,50,2,999,0
1951,798,34,3,12999,500
1952,798,38,1,2499,0
1953,799,53,2,12999,0
1954,799,32,3,999,200
1955,800,39,2,2499,0
1956,801,41,1,1499,200
1957,801,19,3,2499,200
1958,801,4,2,1499,0
1959,801,53,3,12999,0
1960,802,55,2,2499,200
1961,802,20,3,1499,0
1962,803,44,2,3999,0
1963,803,49,2,5999,200
1964,803,5,3,12999,0
1965,803,19,3,2499,0
1966,804,49,3,5999,0
1967,804,55,3,2499,0
1968,804,30,3,999,0
1969,805,19,1,2499,0
1970,805,14,3,999,0
1971,805,48,3,3999,0
1972,805,24,3,12999,500
1973,806,44,1,3999,0
1974,806,7,2,1499,200
1975,806,12,1,2499,0
1976,806,33,3,5999,0
1977,807,8,1,3999,200
1978,808,50,3,999,0
1979,808,50,2,999,200
1980,808,18,3,999,200
1981,808,24,1,12999,0
1982,809,2,3,3999,500
1983,809,37,2,12999,0
1984,810,42,3,2499,200
1985,810,20,3,1499,0
1986,810,7,2,1499,0
1987,810,46,3,2499,0
1988,811,5,3,12999,500
1989,811,35,3,1499,0
1990,811,49,1,5999,0
1991,811,12,3,2499,0
1992,812,8,1,3999,0
1993,812,37,1,12999,0
1994,812,6,3,3999,0
1995,813,24,3,12999,0
1996,813,28,3,12999,0
1997,813,16,2,12999,0
1998,814,45,2,12999,500
1999,814,59,2,5999,500
2000,814,35,3,1499,0
2001,814,45,1,12999,0
2002,815,55,1,2499,0
2003,815,39,3,2499,0
2004,815,38,2,2499,0
2005,816,17,2,12999,0
2006,816,26,2,2499,0
2007,816,17,3,12999,200
2008,817,41,3,1499,0
2009,817,46,2,2499,500
2010,817,43,3,2499,500
2011,818,25,1,12999,500
2012,818,16,1,12999,0
2013,818,8,3,3999,0
2014,818,44,3,3999,200
2015,819,50,2,999,0
2016,819,56,1,1499,0
2017,819,1,1,2499,200
2018,820,12,3,2499,0
2019,821,36,2,5999,500
2020,821,7,1,1499,0
2021,821,21,2,5999,0
2022,822,17,1,12999,500
2023,822,46,1,2499,0
2024,823,46,1,2499,500
2025,823,27,3,2499,200
2026,823,12,2,2499,0
2027,824,34,3,12999,0
2028,824,20,3,1499,0
2029,824,20,2,1499,0
2030,824,55,1,2499,0
2031,825,37,1,12999,0
2032,825,48,2,3999,500
2033,826,31,2,2499,500
2034,826,44,3,3999,500
2035,827,59,3,5999,0
2036,827,46,2,2499,500
2037,828,39,2,2499,0
2038,829,54,1,999,500
2039,829,23,1,3999,200
2040,829,32,2,999,0
2041,830,54,3,999,0
2042,830,19,2,2499,200
2043,831,14,2,999,500
2044,831,53,1,12999,200
2045,831,58,3,3999,200
2046,831,4,2,1499,0
2047,832,1,2,2499,0
2048,833,32,1,999,0
2049,833,34,3,12999,0
2050,833,27,1,2499,200
2051,833,1,1,2499,0
2052,834,24,2,12999,0
2053,834,35,2,1499,0
2054,834,29,3,1499,200
2055,835,1,2,2499,0
2056,835,8,1,3999,0
2057,835,3,1,1499,200
2058,835,27,3,2499,0
2059,836,8,2,3999,200
2060,836,36,2,5999,0
2061,836,21,2,5999,500
2062,837,9,1,999,0
2063,838,28,3,12999,0
2064,838,28,2,12999,0
2065,838,19,2,2499,0
2066,839,16,2,12999,0
2067,839,56,2,1499,0
2068,840,45,3,12999,500
2069,841,9,2,999,0
2070,842,40,1,2499,0
2071,843,45,3,12999,0
2072,843,15,2,1499,200
2073,843,31,1,2499,500
2074,844,18,2,999,0
2075,845,58,1,3999,0
2076,845,3,1,1499,0
2077,845,43,3,2499,0
2078,846,28,1,12999,0
2079,847,7,3,1499,0
2080,848,48,3,3999,500
2081,848,39,2,2499,0
2082,848,42,2,2499,0
2083,849,9,3,999,500
2084,850,60,1,999,0
2085,850,35,3,1499,0
2086,850,20,3,1499,200
2087,850,49,1,5999,500
2088,851,36,3,5999,0
2089,851,58,3,3999,0
2090,851,58,2,3999,200
2091,851,41,3,1499,0
2092,852,11,3,2499,0
2093,853,51,3,5999,0
2094,854,29,3,1499,200
2095,854,36,2,5999,200
2096,855,37,1,12999,500
2097,855,45,1,12999,500
2098,856,55,1,2499,0
2099,856,46,2,2499,500
2100,856,8,1,3999,0
2101,857,41,1,1499,0
2102,858,53,1,12999,500
2103,858,8,1,3999,0
2104,859,47,1,999,200
2105,859,58,3,3999,0
2106,859,21,1,5999,0
2107,860,2,3,3999,500
2108,860,7,3,1499,200
2109,860,42,2,2499,500
2110,861,18,1,999,500
2111,861,41,2,1499,0
2112,861,29,1,1499,200
2113,862,12,2,2499,0
2114,862,53,1,12999,0
2115,862,37,2,12999,0
2116,862,42,2,2499,0
2117,863,44,3,3999,0
2118,863,5,1,12999,0
2119,863,28,1,12999,200
2120,863,59,3,5999,200
2121,864,39,1,2499,200
2122,865,49,3,5999,0
2123,866,41,3,1499,0
2124,866,51,1,5999,0
2125,867,13,1,12999,200
2126,868,31,1,2499,0
2127,868,4,3,1499,0
2128,868,41,3,1499,0
2129,869,7,3,1499,200
2130,869,10,1,999,0
2131,869,2,1,3999,200
2132,870,15,3,1499,200
2133,870,44,3,3999,0
2134,870,32,1,999,0
2135,871,8,2,3999,0
2136,871,58,1,3999,500
2137,871,10,1,999,200
2138,872,10,3,999,0
2139,872,40,2,2499,0
2140,872,57,1,2499,0
2141,872,59,2,5999,0
2142,873,56,1,1499,0
2143,874,53,1,12999,0
2144,874,37,2,12999,0
2145,874,10,1,999,0
2146,874,9,1,999,200
2147,875,45,2,12999,500
2148,875,51,3,5999,0
2149,875,9,3,999,0
2150,875,25,2,12999,500
2151,876,25,1,12999,500
2152,876,46,2,2499,500
2153,877,16,2,12999,0
2154,878,4,2,1499,0
2155,879,16,1,12999,0
2156,879,4,3,1499,0
2157,879,8,3,3999,0
2158,879,25,3,12999,0
2159,880,43,3,2499,0
2160,881,24,1,12999,0
2161,881,16,1,12999,0
2162,882,31,3,2499,0
2163,882,48,3,3999,0
2164,883,19,1,2499,0
2165,884,33,1,5999,0
2166,884,26,2,2499,200
2167,885,28,1,12999,0
2168,885,6,3,3999,200
2169,886,15,2,1499,0
2170,887,31,2,2499,200
2171,887,53,2,12999,0
2172,887,4,2,1499,200
2173,887,13,2,12999,0
2174,888,2,1,3999,0
2175,888,11,3,2499,0
2176,888,5,1,12999,500
2177,889,41,1,1499,0
2178,889,18,1,999,500
2179,890,21,1,5999,0
2180,891,21,2,5999,0
2181,891,9,3,999,0
2182,892,2,3,3999,200
2183,892,31,3,2499,0
2184,893,6,3,3999,0
2185,893,46,1,2499,0
2186,893,52,3,1499,0
2187,893,50,3,999,0
2188,894,29,1,1499,0
2189,894,19,2,2499,500
2190,894,55,2,2499,0
2191,895,10,3,999,200
2192,896,36,1,5999,200
2193,896,7,2,1499,0
2194,896,11,2,2499,0
2195,897,5,1,12999,200
2196,898,42,1,2499,0
2197,898,37,2,12999,0
2198,898,24,2,12999,200
2199,898,27,3,2499,0
2200,899,24,1,12999,200
2201,899,33,2,5999,0
2202,899,57,3,2499,0
2203,900,10,1,999,0
2204,901,15,2,1499,200
2205,902,7,1,1499,0
2206,902,47,1,999,200
2207,902,50,2,999,0
2208,902,26,2,2499,0
2209,903,8,2,3999,200
2210,903,3,3,1499,0
2211,903,31,1,2499,0
2212,903,21,3,5999,0
2213,904,31,1,2499,0
2214,904,14,1,999,200
2215,904,18,2,999,0
2216,904,6,1,3999,0
2217,905,56,2,1499,500
2218,905,14,3,999,0
2219,905,12,1,2499,0
2220,905,58,2,3999,0
2221,906,31,3,2499,0
2222,906,45,2,12999,0
2223,906,59,3,5999,500
2224,906,25,1,12999,500
2225,907,1,1,2499,200
2226,907,60,1,999,200
2227,907,56,2,1499,0
2228,908,29,1,1499,200
2229,909,27,3,2499,500
2230,909,50,1,999,500
2231,910,44,3,3999,0
2232,910,24,2,12999,0
2233,911,45,2,12999,200
2234,912,34,2,12999,0
2235,912,60,1,999,200
2236,912,28,2,12999,0
2237,912,36,3,5999,0
2238,913,41,2,1499,500
2239,913,60,1,999,0
2240,913,52,1,1499,0
2241,913,42,1,2499,500
2242,914,41,2,1499,500
2243,915,14,1,999,200
2244,915,36,2,5999,0
2245,915,13,2,12999,0
2246,915,23,2,3999,200
2247,916,33,2,5999,0
2248,916,57,3,2499,0
2249,917,3,1,1499,0
2250,917,10,2,999,500
2251,917,53,3,12999,500
2252,917,21,2,5999,0
2253,918,13,3,12999,200
2254,918,54,1,999,500
2255,918,28,1,12999,200
2256,918,47,1,999,200
2257,919,7,3,1499,0
2258,919,33,1,5999,500
2259,920,21,1,5999,0
2260,920,6,1,3999,200
2261,921,37,2,12999,0
2262,922,42,1,2499,0
2263,922,13,3,12999,0
2264,923,60,1,999,0
2265,924,7,1,1499,0
2266,925,55,2,2499,0
2267,925,26,1,2499,200
2268,925,51,1,5999,200
2269,925,5,2,12999,0
2270,926,41,2,1499,0
2271,926,12,2,2499,0
2272,926,58,1,3999,500
2273,927,40,3,2499,500
2274,927,1,1,2499,500
2275,927,48,2,3999,0
2276,927,13,3,12999,0
2277,928,14,2,999,0
2278,928,58,1,3999,0
2279,929,18,2,999,200
2280,929,13,1,12999,0
2281,930,28,3,12999,200
2282,930,60,1,999,0
2283,930,12,1,2499,0
2284,930,26,1,2499,500
2285,931,28,2,12999,200
2286,931,39,3,2499,0
2287,931,53,2,12999,500
2288,931,7,3,1499,200
2289,932,29,1,1499,0
2290,933,26,1,2499,0
2291,933,12,2,2499,200
2292,933,51,1,5999,0
2293,934,24,1,12999,0
2294,934,8,1,3999,0
2295,934,45,1,12999,0
2296,935,36,1,5999,200
2297,935,19,3,2499,0
2298,936,46,3,2499,0
2299,936,37,3,12999,200
2300,936,44,2,3999,0
2301,937,32,1,999,0
2302,937,27,1,2499,0
2303,937,29,1,1499,500
2304,937,21,3,5999,200
2305,938,42,3,2499,0
2306,939,3,3,1499,500
2307,939,3,2,1499,0
2308,939,5,2,12999,0
2309,939,54,2,999,0
2310,940,36,2,5999,200
2311,941,32,3,999,0
2312,941,54,2,999,500
2313,941,7,1,1499,0
2314,941,4,1,1499,0
2315,942,6,1,3999,0
2316,942,53,3,12999,0
2317,943,20,1,1499,0
2318,944,60,1,999,500
2319,944,30,1,999,0
2320,945,43,1,2499,500
2321,945,34,1,12999,500
2322,945,31,3,2499,200
2323,945,18,2,999,200
2324,946,46,1,2499,0
2325,946,36,1,5999,0
2326,946,45,1,12999,0
2327,947,30,2,999,0
2328,947,32,1,999,0
2329,948,49,2,5999,200
2330,948,42,1,2499,500
2331,948,7,1,1499,0
2332,949,50,2,999,0
2333,949,5,2,12999,200
2334,950,10,2,999,0
2335,951,12,2,2499,0
2336,951,31,3,2499,500
2337,951,29,2,1499,0
2338,951,8,3,3999,0
2339,952,33,2,5999,500
2340,952,22,1,999,200
2341,952,18,2,999,0
2342,952,4,3,1499,200
2343,953,12,3,2499,0
2344,953,34,3,12999,200
2345,953,34,2,12999,0
2346,953,44,1,3999,0
2347,954,37,2,12999,0
2348,955,57,3,2499,200
2349,955,26,2,2499,0
2350,956,23,3,3999,0
2351,956,46,3,2499,0
2352,957,48,2,3999,0
2353,957,11,2,2499,0
2354,957,11,1,2499,0
2355,957,58,2,3999,0
2356,958,2,1,3999,0
2357,958,57,1,2499,0
2358,958,44,1,3999,500
2359,959,31,1,2499,0
2360,959,53,1,12999,500
2361,960,49,1,5999,0
2362,960,7,2,1499,0
2363,961,43,2,2499,0
2364,961,24,2,12999,0
2365,961,53,2,12999,0
2366,962,44,3,3999,0
2367,962,10,2,999,0
2368,962,43,1,2499,0
2369,963,24,1,12999,0
2370,963,13,2,12999,0
2371,963,18,3,999,500
2372,963,58,2,3999,500
2373,964,26,3,2499,200
2374,964,18,2,999,0
2375,964,3,3,1499,500
2376,965,37,2,12999,0
2377,965,8,1,3999,200
2378,965,60,3,999,0
2379,965,30,3,999,0
2380,966,19,1,2499,0
2381,966,1,2,2499,0
2382,966,14,2,999,500
2383,966,8,1,3999,200
2384,967,4,2,1499,0
2385,968,6,3,3999,0
2386,968,10,3,999,0
2387,969,3,2,1499,0
2388,969,16,3,12999,200
2389,970,59,2,5999,500
2390,970,20,1,1499,500
2391,970,28,3,12999,0
2392,971,27,3,2499,0
2393,971,20,2,1499,0
2394,972,25,2,12999,0
2395,972,9,3,999,200
2396,973,28,2,12999,200
2397,973,27,2,2499,0
2398,973,59,3,5999,0
2399,974,51,1,5999,500
2400,974,33,2,5999,0
2401,974,40,3,2499,500
2402,975,43,1,2499,200
2403,975,52,3,1499,200
2404,975,54,1,999,0
2405,975,4,2,1499,0
2406,976,37,2,12999,0
2407,976,56,1,1499,0
2408,976,48,3,3999,500
2409,977,36,3,5999,200
2410,977,9,1,999,0
2411,978,52,2,1499,500
2412,979,39,1,2499,500
2413,979,7,1,1499,0
2414,980,4,1,1499,0
2415,980,26,2,2499,0
2416,980,53,1,12999,500
2417,980,17,3,12999,200
2418,981,12,1,2499,0
2419,982,19,2,2499,0
2420,982,38,2,2499,0
2421,982,43,2,2499,200
2422,982,25,3,12999,0
2423,983,19,2,2499,0
2424,984,3,3,1499,500
2425,984,29,1,1499,0
2426,984,9,2,999,200
2427,985,23,3,3999,500
2428,985,25,3,12999,0
2429,986,30,3,999,0
2430,986,18,3,999,0
2431,986,60,2,999,0
2432,987,37,3,12999,500
2433,987,50,3,999,500
2434,988,38,3,2499,200
2435,988,5,1,12999,0
2436,988,55,3,2499,0
2437,989,21,1,5999,0
2438,989,7,1,1499,200
2439,989,49,2,5999,0
2440,989,4,3,1499,0
2441,990,39,3,2499,0
2442,990,60,1,999,0
2443,990,7,3,1499,200
2444,991,32,2,999,0
2445,991,15,1,1499,0
2446,991,28,3,12999,0
2447,992,14,1,999,0
2448,993,22,1,999,500
2449,994,33,2,5999,0
2450,994,40,3,2499,0
2451,994,52,1,1499,200
2452,994,28,3,12999,200
2453,995,7,1,1499,200
2454,995,15,1,1499,500
2455,995,35,2,1499,0
2456,996,5,1,12999,0
2457,996,5,3,12999,500
2458,996,16,3,12999,500
2459,997,35,3,1499,0
2460,998,3,2,1499,200
2461,999,9,1,999,500
2462,1000,5,3,12999,500
2463,1000,45,1,12999,0
2464,1000,5,2,12999,500
2465,1000,48,3,3999,0
2466,1001,7,1,1499,200
2467,1002,20,1,1499,0
2468,1002,60,1,999,0
2469,1002,50,1,999,500
2470,1002,39,2,2499,0
2471,1003,45,1,12999,200
2472,1003,45,2,12999,500
2473,1003,9,1,999,200
2474,1003,8,3,3999,0
2475,1004,16,1,12999,0
2476,1005,52,1,1499,0
2477,1006,12,2,2499,0
2478,1006,21,2,5999,500
2479,1006,42,1,2499,0
2480,1006,9,3,999,200
2481,1007,5,2,12999,500
2482,1008,29,3,1499,0
2483,1008,24,3,12999,0
2484,1009,4,2,1499,200
2485,1010,54,3,999,0
2486,1010,20,3,1499,500
2487,1011,3,1,1499,200
2488,1011,42,2,2499,0
2489,1012,38,2,2499,0
2490,1012,53,1,12999,0
2491,1012,18,3,999,200
2492,1013,3,1,1499,0
2493,1013,25,1,12999,200
2494,1013,35,1,1499,0
2495,1013,3,3,1499,0
2496,1014,52,3,1499,0
2497,1014,49,1,5999,0
2498,1014,47,3,999,200
2499,1015,36,2,5999,0
2500,1016,11,2,2499,200
2501,1016,48,1,3999,0
2502,1016,59,1,5999,0
2503,1017,22,3,999,200
2504,1017,3,3,1499,0
2505,1017,24,2,12999,0
2506,1018,54,2,999,0
2507,1018,29,2,1499,0
2508,1018,29,1,1499,200
2509,1019,27,1,2499,500
2510,1019,6,2,3999,500
2511,1020,17,2,12999,0
2512,1020,56,2,1499,0
2513,1021,15,1,1499,0
2514,1022,38,2,2499,0
2515,1022,36,3,5999,0
2516,1022,4,3,1499,0
2517,1022,17,1,12999,0
2518,1023,5,3,12999,200
2519,1024,21,3,5999,0
2520,1024,54,3,999,200
2521,1025,10,1,999,0
2522,1025,39,2,2499,0
2523,1025,27,3,2499,0
2524,1026,3,2,1499,0
2525,1026,59,3,5999,0
2526,1026,7,3,1499,0
2527,1027,14,2,999,500
2528,1027,3,3,1499,0
2529,1027,25,3,12999,0
2530,1028,35,3,1499,0
2531,1028,55,3,2499,0
2532,1028,39,2,2499,500
2533,1028,34,2,12999,0
2534,1029,22,1,999,0
2535,1029,15,2,1499,0
2536,1030,24,1,12999,0
2537,1030,36,3,5999,0
2538,1030,59,2,5999,200
2539,1030,39,1,2499,200
2540,1031,50,2,999,500
2541,1031,43,1,2499,500
2542,1032,6,2,3999,200
2543,1033,58,1,3999,200
2544,1033,1,1,2499,0
2545,1034,9,1,999,200
2546,1035,33,3,5999,200
2547,1035,58,2,3999,0
2548,1036,8,2,3999,0
2549,1036,38,3,2499,500
2550,1036,7,3,1499,0
2551,1037,41,2,1499,200
2552,1037,19,2,2499,0
2553,1037,47,1,999,500
2554,1037,59,3,5999,0
2555,1038,25,2,12999,200
2556,1038,12,3,2499,500
2557,1038,18,1,999,0
2558,1038,20,2,1499,0
2559,1039,19,2,2499,200
2560,1039,21,1,5999,0
2561,1039,3,3,1499,0
2562,1039,28,3,12999,0
2563,1040,19,1,2499,0
2564,1040,19,2,2499,200
2565,1040,29,1,1499,0
2566,1041,43,2,2499,0
2567,1041,7,1,1499,500
2568,1042,58,3,3999,500
2569,1043,24,1,12999,0
2570,1044,54,2,999,0
2571,1044,59,1,5999,0
2572,1045,56,1,1499,0
2573,1046,47,1,999,0
2574,1046,11,3,2499,0
2575,1047,46,3,2499,0
2576,1048,13,3,12999,0
2577,1048,41,3,1499,0
2578,1048,16,1,12999,500
2579,1049,10,2,999,0
2580,1049,47,2,999,0
2581,1049,9,1,999,0
2582,1049,34,3,12999,0
2583,1050,46,1,2499,0
2584,1050,27,3,2499,0
2585,1051,31,3,2499,0
2586,1051,57,2,2499,0
2587,1051,57,2,2499,200
2588,1052,35,2,1499,0
2589,1052,7,1,1499,0
2590,1052,57,2,2499,200
2591,1053,8,1,3999,200
2592,1053,21,3,5999,0
2593,1053,23,3,3999,200
2594,1053,46,1,2499,200
2595,1054,2,2,3999,0
2596,1054,33,1,5999,200
2597,1055,27,2,2499,200
2598,1055,28,2,12999,0
2599,1055,59,1,5999,0
2600,1056,20,2,1499,200
2601,1057,50,3,999,0
2602,1057,40,3,2499,0
2603,1058,52,2,1499,0
2604,1059,34,1,12999,0
2605,1060,56,3,1499,0
2606,1060,19,1,2499,0
2607,1060,22,2,999,0
2608,1060,36,3,5999,0
2609,1061,33,2,5999,200
2610,1062,15,3,1499,0
2611,1063,42,2,2499,0
2612,1063,53,3,12999,0
2613,1063,56,1,1499,0
2614,1063,5,3,12999,200
2615,1064,13,3,12999,0
2616,1064,51,2,5999,200
2617,1064,33,3,5999,0
2618,1064,20,2,1499,200
2619,1065,25,2,12999,200
2620,1065,6,1,3999,200
2621,1065,36,2,5999,200
2622,1065,19,3,2499,500
2623,1066,24,3,12999,0
2624,1066,29,1,1499,500
2625,1066,2,2,3999,0
2626,1066,29,2,1499,200
2627,1067,52,3,1499,0
2628,1067,7,3,1499,0
2629,1068,26,3,2499,200
2630,1068,34,3,12999,500
2631,1069,20,3,1499,0
2632,1069,54,1,999,0
2633,1069,21,3,5999,500
2634,1069,39,2,2499,0
2635,1070,35,2,1499,0
2636,1070,42,1,2499,0
2637,1070,30,3,999,200
2638,1070,33,3,5999,0
2639,1071,49,1,5999,0
2640,1071,34,3,12999,0
2641,1072,3,2,1499,200
2642,1073,48,3,3999,200
2643,1073,26,1,2499,0
2644,1074,34,2,12999,500
2645,1074,57,2,2499,500
2646,1074,42,1,2499,0
2647,1075,34,3,12999,0
2648,1075,31,2,2499,0
2649,1075,60,2,999,0
2650,1076,27,1,2499,0
2651,1076,31,1,2499,0
2652,1076,20,3,1499,0
2653,1077,22,1,999,0
2654,1077,40,2,2499,500
2655,1077,11,1,2499,0
2656,1077,41,3,1499,0
2657,1078,18,2,999,200
2658,1078,38,3,2499,0
2659,1079,36,3,5999,0
2660,1079,5,3,12999,0
2661,1079,7,3,1499,0
2662,1080,9,3,999,500
2663,1081,14,1,999,0
2664,1081,51,1,5999,0
2665,1081,6,3,3999,0
2666,1081,10,1,999,200
2667,1082,9,3,999,200
2668,1083,33,1,5999,0
2669,1083,36,2,5999,200
2670,1083,50,2,999,200
2671,1084,57,3,2499,0
2672,1085,54,2,999,500
2673,1085,29,2,1499,0
2674,1086,12,1,2499,0
2675,1086,55,2,2499,0
2676,1086,47,2,999,0
2677,1087,60,3,999,0
2678,1087,13,2,12999,0
2679,1088,22,1,999,0
2680,1088,59,2,5999,500
2681,1088,59,1,5999,500
2682,1089,26,1,2499,0
2683,1089,18,3,999,0
2684,1089,37,1,12999,200
2685,1089,39,3,2499,200
2686,1090,3,2,1499,0
2687,1091,6,2,3999,0
2688,1091,4,2,1499,0
2689,1092,42,3,2499,0
2690,1092,22,3,999,0
2691,1093,43,2,2499,200
2692,1094,47,2,999,0
2693,1094,12,2,2499,0
2694,1095,12,3,2499,0
2695,1095,20,2,1499,500
2696,1095,23,1,3999,0
2697,1095,30,3,999,0
2698,1096,12,3,2499,0
2699,1097,51,1,5999,0
2700,1097,41,2,1499,200
2701,1098,48,3,3999,0
2702,1098,20,1,1499,200
2703,1099,27,1,2499,0
2704,1099,18,1,999,0
2705,1099,19,2,2499,200
2706,1100,23,3,3999,500
2707,1100,29,3,1499,0
2708,1100,3,3,1499,200
2709,1101,23,3,3999,0
2710,1101,14,2,999,500
2711,1101,36,3,5999,0
2712,1101,6,3,3999,0
2713,1102,60,1,999,500
2714,1103,24,3,12999,200
2715,1103,43,3,2499,0
2716,1103,21,3,5999,0
2717,1104,22,2,999,0
2718,1104,12,2,2499,0
2719,1104,11,2,2499,500
2720,1104,12,1,2499,200
2721,1105,31,1,2499,0
2722,1105,47,2,999,500
2723,1105,22,2,999,200
2724,1105,20,1,1499,0
2725,1106,37,2,12999,500
2726,1106,2,1,3999,500
2727,1106,11,2,2499,500
2728,1107,51,1,5999,0
2729,1107,20,1,1499,0
2730,1107,30,2,999,0
2731,1108,20,2,1499,0
2732,1108,12,1,2499,0
2733,1109,1,2,2499,0
2734,1109,23,1,3999,200
2735,1109,36,3,5999,200
2736,1110,46,1,2499,0
2737,1110,25,1,12999,0
2738,1110,49,1,5999,200
2739,1110,50,2,999,0
2740,1111,23,2,3999,500
2741,1112,24,2,12999,0
2742,1112,33,1,5999,500
2743,1113,13,1,12999,0
2744,1113,20,2,1499,0
2745,1113,22,2,999,0
2746,1113,28,1,12999,0
2747,1114,27,1,2499,0
2748,1114,26,3,2499,500
2749,1114,54,1,999,200
2750,1115,52,1,1499,0
2751,1115,21,1,5999,500
2752,1115,33,2,5999,200
2753,1115,1,2,2499,200
2754,1116,48,3,3999,0
2755,1116,39,2,2499,500
2756,1116,24,2,12999,0
2757,1117,28,3,12999,200
2758,1117,56,3,1499,0
2759,1118,13,3,12999,500
2760,1118,47,2,999,200
2761,1118,4,2,1499,0
2762,1119,4,3,1499,0
2763,1119,17,2,12999,0
2764,1119,44,2,3999,0
2765,1120,27,1,2499,200
2766,1120,21,2,5999,0
2767,1120,39,1,2499,0
2768,1121,6,3,3999,0
2769,1121,9,3,999,0
2770,1122,45,3,12999,0
2771,1122,59,3,5999,500
2772,1122,37,2,12999,0
2773,1122,5,2,12999,0
2774,1123,22,3,999,0
2775,1124,47,3,999,0
2776,1124,54,2,999,0
2777,1124,51,1,5999,500
2778,1125,45,1,12999,0
2779,1125,37,2,12999,0
2780,1126,39,2,2499,0
2781,1127,2,2,3999,0
2782,1127,18,2,999,200
2783,1128,46,2,2499,0
2784,1129,38,2,2499,500
2785,1129,22,3,999,200
2786,1129,31,3,2499,0
2787,1129,22,2,999,0
2788,1130,14,3,999,0
2789,1130,44,2,3999,0
2790,1130,26,1,2499,500
2791,1130,6,3,3999,200
2792,1131,20,2,1499,0
2793,1131,29,3,1499,200
2794,1131,2,1,3999,500
2795,1132,27,1,2499,0
2796,1132,36,3,5999,200
2797,1132,16,2,12999,500
2798,1132,9,2,999,500
2799,1133,8,3,3999,0
2800,1133,12,1,2499,200
2801,1134,27,3,2499,0
2802,1134,21,2,5999,0
2803,1135,32,2,999,0
2804,1135,53,2,12999,0
2805,1135,60,1,999,200
2806,1135,19,1,2499,500
2807,1136,25,3,12999,200
2808,1137,40,1,2499,0
2809,1138,40,1,2499,0
2810,1138,37,3,12999,200
2811,1138,44,1,3999,0
2812,1139,55,1,2499,200
2813,1139,24,3,12999,0
2814,1140,19,1,2499,0
2815,1140,14,3,999,200
2816,1141,30,3,999,0
2817,1141,52,3,1499,0
2818,1142,1,3,2499,0
2819,1143,5,2,12999,0
2820,1143,57,3,2499,500
2821,1143,8,3,3999,500
2822,1143,42,3,2499,0
2823,1144,54,3,999,0
2824,1144,24,2,12999,500
2825,1144,41,3,1499,200
2826,1144,28,1,12999,0
2827,1145,24,2,12999,0
2828,1145,10,1,999,200
2829,1146,30,3,999,200
2830,1147,22,2,999,0
2831,1147,37,2,12999,500
2832,1147,3,1,1499,0
2833,1147,34,2,12999,0
2834,1148,20,3,1499,0
2835,1148,37,3,12999,0
2836,1148,31,3,2499,200
2837,1149,55,2,2499,0
2838,1149,41,1,1499,0
2839,1149,55,1,2499,500
2840,1150,47,3,999,500
2841,1150,26,2,2499,500
2842,1150,58,1,3999,0
2843,1151,25,2,12999,0
2844,1151,56,3,1499,200
2845,1151,12,2,2499,200
2846,1152,20,1,1499,0
2847,1152,10,2,999,500
2848,1153,30,3,999,0
2849,1153,54,3,999,500
2850,1153,58,1,3999,0
2851,1153,24,3,12999,0
2852,1154,18,3,999,500
2853,1155,16,2,12999,0
2854,1155,45,3,12999,0
2855,1156,39,2,2499,500
2856,1157,58,1,3999,500
2857,1158,38,3,2499,200
2858,1158,30,1,999,500
2859,1159,8,2,3999,0
2860,1159,31,1,2499,0
2861,1159,35,3,1499,0
2862,1159,39,2,2499,0
2863,1160,47,2,999,0
2864,1161,39,2,2499,200
2865,1161,41,1,1499,0
2866,1161,33,2,5999,500
2867,1161,19,3,2499,0
2868,1162,44,3,3999,500
2869,1162,20,3,1499,200
2870,1162,8,1,3999,200
2871,1163,11,1,2499,0
2872,1163,49,2,5999,0
2873,1163,7,2,1499,0
2874,1163,41,3,1499,500
2875,1164,14,2,999,500
2876,1164,20,2,1499,500
2877,1165,37,3,12999,0
2878,1165,21,1,5999,0
2879,1166,21,3,5999,200
2880,1166,42,3,2499,200
2881,1167,24,1,12999,0
2882,1167,22,3,999,0
2883,1167,54,3,999,0
2884,1168,49,2,5999,0
2885,1168,49,2,5999,0
2886,1168,27,2,2499,0
2887,1168,30,2,999,0
2888,1169,2,2,3999,200
2889,1169,51,2,5999,0
2890,1169,36,3,5999,0
2891,1170,7,1,1499,0
2892,1170,11,2,2499,200
2893,1170,47,3,999,200
2894,1171,16,2,12999,500
2895,1171,38,2,2499,0
2896,1171,7,1,1499,0
2897,1171,18,3,999,0
2898,1172,57,3,2499,0
2899,1172,21,3,5999,200
2900,1173,36,1,5999,200
2901,1173,16,2,12999,500
2902,1174,45,1,12999,0
2903,1174,50,1,999,0
2904,1174,55,2,2499,200
2905,1175,30,2,999,0
2906,1175,13,3,12999,0
2907,1176,42,2,2499,200
2908,1177,59,3,5999,0
2909,1178,51,3,5999,200
2910,1178,19,3,2499,0
2911,1178,41,1,1499,0
2912,1179,52,3,1499,0
2913,1179,37,2,12999,500
2914,1180,30,2,999,0
2915,1180,42,2,2499,0
2916,1180,12,3,2499,500
2917,1181,57,1,2499,200
2918,1181,37,2,12999,0
2919,1181,40,2,2499,0
2920,1181,1,1,2499,0
2921,1182,38,3,2499,0
2922,1182,35,2,1499,0
2923,1183,14,2,999,0
2924,1183,7,1,1499,500
2925,1184,56,2,1499,0
2926,1184,43,1,2499,0
2927,1184,20,1,1499,200
2928,1185,2,1,3999,200
2929,1185,8,2,3999,0
2930,1185,29,3,1499,0
2931,1186,13,1,12999,200
2932,1186,38,1,2499,0
2933,1186,12,3,2499,500
2934,1186,47,3,999,0
2935,1187,48,2,3999,200
2936,1187,13,1,12999,0
2937,1187,52,3,1499,0
2938,1188,2,1,3999,200
2939,1188,52,2,1499,200
2940,1188,55,1,2499,0
2941,1188,24,2,12999,0
2942,1189,42,3,2499,200
2943,1190,3,1,1499,0
2944,1190,12,3,2499,0
2945,1190,9,3,999,0
2946,1191,4,3,1499,0
2947,1192,27,1,2499,0
2948,1192,60,3,999,0
2949,1193,2,2,3999,0
2950,1193,20,2,1499,0
2951,1194,22,1,999,200
2952,1195,3,3,1499,200
2953,1195,49,3,5999,500
2954,1195,11,1,2499,0
2955,1195,1,2,2499,0
2956,1196,30,2,999,500
2957,1196,29,1,1499,500
2958,1196,52,3,1499,0
2959,1196,20,2,1499,200
2960,1197,40,3,2499,0
2961,1197,31,2,2499,500
2962,1197,13,1,12999,0
2963,1198,48,1,3999,200
2964,1199,17,1,12999,0
2965,1199,22,3,999,200
2966,1200,21,2,5999,0
2967,1200,43,1,2499,500
2968,1201,51,1,5999,0
2969,1202,11,2,2499,0
2970,1202,1,3,2499,200
2971,1203,29,1,1499,200
2972,1203,40,2,2499,500
2973,1203,29,1,1499,0
2974,1203,42,3,2499,0
2975,1204,50,3,999,200
2976,1204,43,1,2499,0
2977,1204,49,3,5999,0
2978,1204,5,2,12999,200
2979,1205,30,1,999,0
2980,1205,36,3,5999,0
2981,1206,56,3,1499,0
2982,1207,50,1,999,0
2983,1207,47,3,999,0
2984,1208,52,3,1499,0
2985,1209,11,1,2499,0
2986,1209,41,3,1499,500
2987,1209,15,3,1499,0
2988,1210,18,1,999,200
2989,1210,19,2,2499,500
2990,1211,47,2,999,0
2991,1211,5,2,12999,500
2992,1212,9,1,999,200
2993,1212,53,1,12999,0
2994,1212,26,1,2499,200
2995,1212,26,3,2499,0
2996,1213,9,2,999,0
2997,1213,47,3,999,500
2998,1213,44,1,3999,0
2999,1214,1,3,2499,0
3000,1214,34,2,12999,500
3001,1214,7,3,1499,500
3002,1215,35,3,1499,500
3003,1216,57,2,2499,0
3004,1216,25,2,12999,0
3005,1216,41,2,1499,200
3006,1217,15,3,1499,0
3007,1217,6,3,3999,500
3008,1217,39,2,2499,0
3009,1218,41,1,1499,0
3010,1219,43,2,2499,0
3011,1219,6,1,3999,0
3012,1219,46,2,2499,0
3013,1219,38,2,2499,0
3014,1220,36,3,5999,500
3015,1220,25,3,12999,500
3016,1220,56,3,1499,200
3017,1220,3,3,1499,0
3018,1221,24,3,12999,500
3019,1221,27,2,2499,0
3020,1222,37,3,12999,0
3021,1222,26,3,2499,200
3022,1222,43,1,2499,0
3023,1222,37,1,12999,0
3024,1223,52,1,1499,200
3025,1223,55,2,2499,0
3026,1223,53,3,12999,0
3027,1223,23,1,3999,0
3028,1224,50,1,999,0
3029,1224,36,3,5999,0
3030,1224,48,2,3999,0
3031,1225,40,3,2499,0
3032,1225,21,2,5999,0
3033,1225,59,3,5999,0
3034,1226,49,2,5999,0
3035,1226,17,3,12999,200
3036,1227,49,1,5999,0
3037,1227,21,1,5999,0
3038,1227,13,3,12999,0
3039,1228,26,3,2499,0
3040,1228,13,1,12999,0
3041,1229,35,2,1499,200
3042,1229,9,2,999,0
3043,1229,55,3,2499,0
3044,1230,53,1,12999,0
3045,1230,36,1,5999,0
3046,1230,2,2,3999,0
3047,1230,54,3,999,0
3048,1231,10,1,999,0
3049,1231,16,1,12999,500
3050,1232,27,1,2499,500
3051,1232,38,2,2499,500
3052,1233,52,2,1499,200
3053,1233,24,2,12999,0
3054,1233,21,3,5999,0
3055,1234,51,3,5999,500
3056,1234,9,1,999,500
3057,1235,47,2,999,500
3058,1235,53,1,12999,200
3059,1236,32,3,999,200
3060,1236,5,1,12999,0
3061,1236,36,2,5999,500
3062,1236,42,1,2499,0
3063,1237,5,3,12999,0
3064,1237,37,2,12999,0
3065,1237,46,3,2499,200
3066,1238,43,2,2499,0
3067,1238,35,3,1499,0
3068,1239,50,3,999,500
3069,1239,21,1,5999,500
3070,1240,50,1,999,500
3071,1241,47,1,999,0
3072,1241,39,1,2499,0
3073,1242,22,1,999,0
3074,1243,25,3,12999,200
3075,1243,9,2,999,0
3076,1243,7,2,1499,0
3077,1243,12,3,2499,200
3078,1244,26,1,2499,0
3079,1244,23,3,3999,0
3080,1244,22,2,999,0
3081,1245,36,1,5999,0
3082,1246,1,2,2499,200
3083,1247,12,1,2499,500
3084,1248,56,3,1499,0
3085,1249,46,1,2499,500
3086,1249,10,2,999,0
3087,1249,40,1,2499,500
3088,1249,57,1,2499,0
3089,1250,38,3,2499,0
3090,1250,58,1,3999,200
3091,1251,30,3,999,500
3092,1251,54,2,999,200
3093,1251,8,3,3999,500
3094,1252,16,2,12999,0
3095,1252,51,2,5999,0
3096,1253,55,3,2499,0
3097,1254,19,2,2499,0
3098,1254,29,1,1499,0
3099,1255,32,1,999,200
3100,1256,20,2,1499,0
3101,1256,50,3,999,0
3102,1256,34,1,12999,0
3103,1256,6,2,3999,500
3104,1257,48,1,3999,500
3105,1257,2,1,3999,0
3106,1257,25,1,12999,0
3107,1258,33,2,5999,0
3108,1258,59,1,5999,0
3109,1259,5,3,12999,0
3110,1259,32,1,999,500
3111,1259,41,3,1499,0
3112,1260,60,2,999,0
3113,1261,53,1,12999,0
3114,1261,59,2,5999,0
3115,1261,10,1,999,500
3116,1261,16,3,12999,0
3117,1262,27,3,2499,0
3118,1262,27,2,2499,200
3119,1262,18,1,999,200
3120,1263,3,3,1499,200
3121,1263,9,3,999,0
3122,1263,5,3,12999,0
3123,1263,8,1,3999,200
3124,1264,44,3,3999,200
3125,1264,19,3,2499,0
3126,1264,19,3,2499,0
3127,1265,6,3,3999,200
3128,1265,13,1,12999,500
3129,1266,15,1,1499,200
3130,1267,40,2,2499,200
3131,1267,48,1,3999,200
3132,1267,39,1,2499,500
3133,1267,50,1,999,0
3134,1268,56,2,1499,0
3135,1268,23,2,3999,0
3136,1268,58,3,3999,0
3137,1269,15,1,1499,0
3138,1270,5,1,12999,500
3139,1270,34,2,12999,500
3140,1270,11,1,2499,500
3141,1270,21,1,5999,0
3142,1271,40,3,2499,0
3143,1272,44,1,3999,0
3144,1273,50,3,999,0
3145,1273,55,1,2499,0
3146,1273,37,3,12999,0
3147,1273,2,3,3999,200
3148,1274,29,3,1499,0
3149,1274,44,2,3999,500
3150,1274,17,2,12999,200
3151,1274,31,1,2499,200
3152,1275,41,3,1499,0
3153,1275,25,2,12999,0
3154,1275,24,3,12999,0
3155,1276,27,3,2499,500
3156,1276,55,1,2499,200
3157,1276,9,3,999,0
3158,1276,14,2,999,200
3159,1277,30,2,999,0
3160,1277,21,3,5999,200
3161,1277,9,3,999,500
3162,1277,14,1,999,0
3163,1278,58,2,3999,500
3164,1278,56,2,1499,0
3165,1278,42,2,2499,0
3166,1279,20,3,1499,200
3167,1279,4,1,1499,0
3168,1279,22,3,999,0
3169,1279,43,2,2499,500
3170,1280,25,3,12999,0
3171,1280,18,3,999,500
3172,1281,10,2,999,0
3173,1281,30,1,999,0
3174,1282,44,1,3999,0
3175,1283,22,1,999,0
3176,1284,54,1,999,0
3177,1284,40,2,2499,500
3178,1284,58,2,3999,200
3179,1285,7,3,1499,0
3180,1285,58,1,3999,0
3181,1285,27,1,2499,500
3182,1286,45,1,12999,0
3183,1286,43,1,2499,200
3184,1286,7,1,1499,0
3185,1287,50,1,999,500
3186,1287,45,2,12999,200
3187,1288,32,3,999,500
3188,1289,5,1,12999,0
3189,1289,40,2,2499,200
3190,1289,59,1,5999,0
3191,1290,23,3,3999,200
3192,1291,55,2,2499,0
3193,1291,33,2,5999,500
3194,1291,58,1,3999,200
3195,1292,45,2,12999,0
3196,1292,29,2,1499,0
3197,1293,22,3,999,0
3198,1294,13,2,12999,200
3199,1294,25,1,12999,0
3200,1294,45,2,12999,0
3201,1294,24,3,12999,200
3202,1295,47,2,999,500
3203,1295,13,2,12999,0
3204,1295,18,1,999,200
3205,1296,2,1,3999,0
3206,1297,10,3,999,0
3207,1298,48,2,3999,500
3208,1299,51,3,5999,0
3209,1299,40,1,2499,0
3210,1299,46,1,2499,0
3211,1300,1,2,2499,0
3212,1301,41,3,1499,0
3213,1301,31,1,2499,200
3214,1301,39,3,2499,0
3215,1302,33,1,5999,0
3216,1302,12,1,2499,0
3217,1303,45,1,12999,0
3218,1304,41,3,1499,0
3219,1304,39,2,2499,500
3220,1304,41,2,1499,0
3221,1304,28,2,12999,0
3222,1305,19,1,2499,0
3223,1305,4,1,1499,200
3224,1305,23,3,3999,0
3225,1306,21,3,5999,0
3226,1307,29,2,1499,200
3227,1307,24,2,12999,0
3228,1307,49,2,5999,0
3229,1308,3,3,1499,0
3230,1308,27,2,2499,200
3231,1309,10,3,999,200
3232,1309,27,1,2499,0
3233,1310,1,2,2499,0
3234,1310,10,3,999,0
3235,1310,14,1,999,0
3236,1311,13,1,12999,200
3237,1311,26,1,2499,0
3238,1311,54,3,999,0
3239,1312,28,2,12999,0
3240,1312,32,3,999,0
3241,1312,23,1,3999,0
3242,1312,21,3,5999,200
3243,1313,52,1,1499,200
3244,1313,32,1,999,0
3245,1313,41,1,1499,0
3246,1313,41,2,1499,500
3247,1314,34,2,12999,0
3248,1314,47,2,999,0
3249,1315,29,2,1499,200
3250,1316,59,2,5999,200
3251,1316,51,2,5999,500
3252,1317,58,1,3999,0
3253,1317,51,3,5999,500
3254,1318,32,3,999,200
3255,1318,57,1,2499,0
3256,1319,40,2,2499,0
3257,1319,34,2,12999,200
3258,1320,51,2,5999,0
3259,1320,24,1,12999,200
3260,1321,53,3,12999,200
3261,1321,36,1,5999,0
3262,1321,21,2,5999,0
3263,1322,19,3,2499,0
3264,1323,51,2,5999,200
3265,1323,45,1,12999,0
3266,1324,2,3,3999,200
3267,1325,29,3,1499,200
3268,1325,36,1,5999,500
3269,1326,30,2,999,0
3270,1326,46,3,2499,200
3271,1326,19,1,2499,500
3272,1327,36,2,5999,0
3273,1327,10,2,999,200
3274,1327,36,1,5999,200
3275,1328,42,2,2499,0
3276,1329,47,3,999,0
3277,1330,7,3,1499,0
3278,1330,46,1,2499,0
3279,1331,22,1,999,200
3280,1331,26,3,2499,0
3281,1331,34,2,12999,200
3282,1331,45,1,12999,500
3283,1332,49,2,5999,0
3284,1333,31,1,2499,0
3285,1333,15,1,1499,0
3286,1334,49,3,5999,200
3287,1334,2,3,3999,0
3288,1334,32,1,999,200
3289,1334,36,1,5999,0
3290,1335,38,2,2499,0
3291,1335,23,3,3999,0
3292,1336,26,1,2499,0
3293,1336,35,1,1499,500
3294,1337,11,1,2499,500
3295,1337,17,2,12999,0
3296,1337,21,2,5999,200
3297,1337,8,3,3999,0
3298,1338,14,1,999,0
3299,1338,3,2,1499,0
3300,1338,48,1,3999,0
3301,1338,49,3,5999,0
3302,1339,4,3,1499,0
3303,1339,37,2,12999,0
3304,1339,33,1,5999,0
3305,1339,1,1,2499,0
3306,1340,30,2,999,500
3307,1340,49,1,5999,200
3308,1340,31,3,2499,500
3309,1341,57,1,2499,0
3310,1342,20,2,1499,200
3311,1343,14,3,999,0
3312,1343,28,3,12999,0
3313,1343,5,2,12999,200
3314,1344,20,1,1499,0
3315,1345,57,2,2499,0
3316,1346,30,3,999,500
3317,1346,18,2,999,0
3318,1347,14,1,999,200
3319,1347,44,2,3999,0
3320,1348,27,1,2499,0
3321,1348,37,1,12999,0
3322,1348,50,2,999,0
3323,1348,47,2,999,0
3324,1349,16,3,12999,200
3325,1349,52,1,1499,0
3326,1350,46,3,2499,0
3327,1350,19,2,2499,0
3328,1351,24,3,12999,0
3329,1351,47,3,999,500
3330,1352,38,2,2499,0
3331,1352,30,2,999,0
3332,1353,24,2,12999,0
3333,1353,39,2,2499,0
3334,1353,22,2,999,200
3335,1353,29,3,1499,0
3336,1354,39,2,2499,500
3337,1354,41,3,1499,0
3338,1355,6,2,3999,0
3339,1355,33,3,5999,0
3340,1355,34,1,12999,500
3341,1355,1,2,2499,500
3342,1356,32,1,999,0
3343,1356,47,2,999,500
3344,1356,60,2,999,500
3345,1357,45,1,12999,0
3346,1357,41,3,1499,200
3347,1357,10,3,999,0
3348,1357,46,1,2499,500
3349,1358,16,2,12999,0
3350,1358,53,1,12999,500
3351,1358,41,1,1499,0
3352,1359,14,1,999,0
3353,1360,23,3,3999,200
3354,1360,1,3,2499,500
3355,1360,20,2,1499,200
3356,1360,24,1,12999,0
3357,1361,44,2,3999,0
3358,1362,45,2,12999,200
3359,1362,49,3,5999,0
3360,1362,28,3,12999,500
3361,1363,3,2,1499,0
3362,1363,31,2,2499,500
3363,1363,6,1,3999,0
3364,1363,47,3,999,0
3365,1364,3,2,1499,0
3366,1364,36,3,5999,200
3367,1364,14,3,999,200
3368,1364,7,1,1499,0
3369,1365,30,2,999,500
3370,1365,25,3,12999,0
3371,1366,12,2,2499,0
3372,1366,55,1,2499,0
3373,1366,19,3,2499,0
3374,1366,28,1,12999,0
3375,1367,1,2,2499,0
3376,1367,50,2,999,0
3377,1368,15,3,1499,200
3378,1368,52,3,1499,0
3379,1368,7,1,1499,0
3380,1368,9,3,999,500
3381,1369,51,3,5999,200
3382,1369,2,3,3999,500
3383,1369,58,3,3999,0
3384,1370,18,2,999,500
3385,1371,57,3,2499,0
3386,1371,31,2,2499,500
3387,1371,59,1,5999,0
3388,1372,43,1,2499,200
3389,1372,43,3,2499,0
3390,1373,38,2,2499,0
3391,1373,36,1,5999,0
3392,1374,1,2,2499,0
3393,1374,33,1,5999,0
3394,1374,34,3,12999,0
3395,1374,38,3,2499,0
3396,1375,56,2,1499,0
3397,1375,13,3,12999,200
3398,1376,25,3,12999,500
3399,1376,55,1,2499,0
3400,1377,31,3,2499,0
3401,1378,54,3,999,0
3402,1378,15,2,1499,200
3403,1378,4,2,1499,0
3404,1378,56,2,1499,200
3405,1379,39,1,2499,0
3406,1379,31,3,2499,500
3407,1379,57,2,2499,0
3408,1379,16,3,12999,500
3409,1380,27,1,2499,500
3410,1381,24,2,12999,200
3411,1382,59,2,5999,200
3412,1382,33,2,5999,200
3413,1382,49,3,5999,500
3414,1383,6,3,3999,200
3415,1383,22,3,999,500
3416,1383,40,3,2499,0
3417,1384,56,2,1499,500
3418,1384,33,1,5999,0
3419,1384,60,2,999,0
3420,1385,53,2,12999,500
3421,1385,44,2,3999,0
3422,1386,52,3,1499,0
3423,1386,13,3,12999,0
3424,1387,38,3,2499,0
3425,1387,8,3,3999,0
3426,1387,41,1,1499,0
3427,1387,39,3,2499,0
3428,1388,26,2,2499,0
3429,1388,60,3,999,200
3430,1389,17,1,12999,200
3431,1390,52,2,1499,200
3432,1390,30,3,999,500
3433,1391,4,2,1499,200
3434,1391,39,1,2499,200
3435,1391,28,2,12999,0
3436,1392,49,1,5999,0
3437,1392,55,1,2499,0
3438,1392,7,3,1499,500
3439,1393,14,1,999,500
3440,1393,4,1,1499,0
3441,1393,22,3,999,0
3442,1393,19,2,2499,0
3443,1394,54,1,999,0
3444,1394,2,3,3999,500
3445,1394,21,1,5999,0
3446,1395,37,3,12999,500
3447,1396,55,2,2499,0
3448,1396,16,2,12999,500
3449,1397,1,1,2499,0
3450,1398,15,1,1499,0
3451,1398,27,3,2499,200
3452,1399,2,3,3999,0
3453,1399,14,3,999,200
3454,1399,28,3,12999,0
3455,1399,21,1,5999,200
3456,1400,39,1,2499,0
3457,1400,10,3,999,0
3458,1400,39,3,2499,200
3459,1400,11,2,2499,0
3460,1401,16,3,12999,0
3461,1401,58,1,3999,200
3462,1401,39,2,2499,0
3463,1402,25,3,12999,0
3464,1403,59,2,5999,0
3465,1403,28,2,12999,0
3466,1403,15,2,1499,0
3467,1403,59,2,5999,200
3468,1404,55,1,2499,200
3469,1404,24,1,12999,0
3470,1405,17,1,12999,500
3471,1406,55,2,2499,0
3472,1406,56,1,1499,0
3473,1407,15,1,1499,500
3474,1408,28,1,12999,0
3475,1408,2,1,3999,500
3476,1408,46,1,2499,0
3477,1408,50,1,999,0
3478,1409,36,2,5999,0
3479,1409,10,3,999,0
3480,1409,16,1,12999,0
3481,1409,55,1,2499,0
3482,1410,26,1,2499,0
3483,1411,16,3,12999,0
3484,1411,37,2,12999,200
3485,1412,46,1,2499,0
3486,1413,19,2,2499,500
3487,1414,57,3,2499,200
3488,1414,42,3,2499,0
3489,1414,51,3,5999,500
3490,1414,46,3,2499,200
3491,1415,9,1,999,0
3492,1415,5,3,12999,0
3493,1415,54,2,999,0
3494,1415,39,2,2499,200
3495,1416,32,1,999,0
3496,1416,14,2,999,0
3497,1416,29,3,1499,0
3498,1417,58,1,3999,200
3499,1418,24,1,12999,200
3500,1418,9,2,999,0
3501,1418,16,1,12999,0
3502,1418,19,2,2499,0
3503,1419,5,3,12999,0
3504,1419,23,3,3999,500
3505,1419,31,1,2499,200
3506,1419,5,2,12999,0
3507,1420,7,1,1499,500
3508,1421,2,2,3999,200
3509,1421,22,3,999,200
3510,1421,23,3,3999,0
3511,1422,57,2,2499,200
3512,1423,10,2,999,0
3513,1424,49,1,5999,0
3514,1424,40,2,2499,0
3515,1425,1,1,2499,0
3516,1425,27,3,2499,0
3517,1425,27,1,2499,200
3518,1426,1,1,2499,0
3519,1426,55,1,2499,0
3520,1427,60,3,999,200
3521,1427,8,1,3999,200
3522,1428,17,3,12999,500
3523,1428,36,3,5999,0
3524,1428,41,3,1499,0
3525,1428,34,1,12999,500
3526,1429,28,2,12999,0
3527,1430,4,3,1499,0
3528,1430,52,2,1499,0
3529,1430,53,1,12999,500
3530,1430,15,1,1499,0
3531,1431,27,3,2499,200
3532,1431,27,3,2499,0
3533,1431,20,1,1499,0
3534,1432,50,2,999,0
3535,1433,31,1,2499,0
3536,1433,24,1,12999,0
3537,1433,16,2,12999,200
3538,1433,60,2,999,500
3539,1434,19,1,2499,500
3540,1434,52,1,1499,0
3541,1435,55,1,2499,0
3542,1435,6,1,3999,0
3543,1435,10,3,999,200
3544,1435,32,1,999,0
3545,1436,9,2,999,0
3546,1437,58,2,3999,0
3547,1437,7,1,1499,500
3548,1438,51,1,5999,200
3549,1438,53,2,12999,0
3550,1439,54,3,999,0
3551,1440,11,3,2499,500
3552,1440,7,2,1499,500
3553,1440,15,3,1499,0
3554,1441,52,2,1499,0
3555,1441,33,2,5999,0
3556,1441,42,3,2499,200
3557,1441,27,1,2499,0
3558,1442,46,1,2499,0
3559,1442,6,1,3999,500
3560,1443,10,3,999,0
3561,1443,19,2,2499,0
3562,1444,8,3,3999,500
3563,1444,47,3,999,0
3564,1444,60,3,999,0
3565,1444,58,2,3999,0
3566,1445,5,1,12999,0
3567,1445,54,2,999,200
3568,1445,12,2,2499,200
3569,1446,53,2,12999,200
3570,1446,43,2,2499,500
3571,1447,6,2,3999,0
3572,1447,10,1,999,0
3573,1447,16,3,12999,500
3574,1447,32,2,999,0
3575,1448,41,2,1499,0
3576,1449,50,3,999,0
3577,1449,14,1,999,0
3578,1449,44,3,3999,500
3579,1449,18,3,999,200
3580,1450,30,3,999,500
3581,1451,22,1,999,200
3582,1451,38,3,2499,0
3583,1451,31,2,2499,200
3584,1452,29,2,1499,0
3585,1452,58,3,3999,0
3586,1453,1,3,2499,0
3587,1453,3,1,1499,200
3588,1453,16,2,12999,0
3589,1454,2,3,3999,0
3590,1454,50,3,999,0
3591,1454,32,3,999,0
3592,1454,35,3,1499,500
3593,1455,36,3,5999,0
3594,1455,12,3,2499,0
3595,1455,1,3,2499,200
3596,1455,6,2,3999,0
3597,1456,11,3,2499,0
3598,1456,43,2,2499,200
3599,1456,11,2,2499,0
3600,1457,20,3,1499,500
3601,1457,41,1,1499,0
3602,1457,10,1,999,0
3603,1458,49,2,5999,0
3604,1459,31,3,2499,500
3605,1460,23,1,3999,200
3606,1461,59,3,5999,0
3607,1462,34,3,12999,500
3608,1462,13,2,12999,0
3609,1463,7,3,1499,200
3610,1463,14,1,999,0
3611,1463,40,3,2499,200
3612,1463,50,3,999,0
3613,1464,25,2,12999,0
3614,1464,13,1,12999,0
3615,1464,29,1,1499,0
3616,1464,37,2,12999,0
3617,1465,21,2,5999,0
3618,1466,38,1,2499,200
3619,1467,51,3,5999,0
3620,1468,55,1,2499,0
3621,1469,53,2,12999,0
3622,1469,18,2,999,200
3623,1469,5,3,12999,0
3624,1470,27,1,2499,0
3625,1470,19,2,2499,0
3626,1470,46,1,2499,0
3627,1471,7,2,1499,0
3628,1472,38,1,2499,0
3629,1472,4,2,1499,0
3630,1473,7,2,1499,0
3631,1473,20,2,1499,0
3632,1473,43,2,2499,0
3633,1474,7,2,1499,0
3634,1475,17,1,12999,500
3635,1476,12,3,2499,500
3636,1476,45,1,12999,0
3637,1477,27,1,2499,500
3638,1477,57,2,2499,500
3639,1478,14,3,999,200
3640,1478,13,3,12999,0
3641,1478,23,1,3999,200
3642,1478,38,2,2499,500
3643,1479,46,2,2499,0
3644,1480,48,2,3999,0
3645,1480,37,1,12999,500
3646,1481,15,1,1499,0
3647,1482,18,1,999,500
3648,1482,1,3,2499,0
3649,1483,22,1,999,200
3650,1484,21,2,5999,200
3651,1484,43,3,2499,0
3652,1484,29,3,1499,0
3653,1485,56,3,1499,0
3654,1485,32,2,999,0
3655,1486,30,1,999,0
3656,1486,51,1,5999,200
3657,1486,34,2,12999,0
3658,1486,27,1,2499,0
3659,1487,50,1,999,200
3660,1487,51,3,5999,0
3661,1487,38,2,2499,0
3662,1487,20,3,1499,0
3663,1488,25,2,12999,0
3664,1488,31,1,2499,200
3665,1488,58,1,3999,0
3666,1488,50,1,999,200
3667,1489,8,2,3999,0
3668,1489,34,2,12999,0
3669,1490,48,2,3999,0
3670,1490,5,3,12999,0
3671,1490,16,2,12999,0
3672,1491,41,2,1499,500
3673,1491,1,1,2499,0
3674,1492,1,2,2499,0
3675,1492,12,1,2499,0
3676,1492,47,2,999,0
3677,1493,43,3,2499,500
3678,1493,37,2,12999,0
3679,1493,25,2,12999,500
3680,1493,13,1,12999,0
3681,1494,35,2,1499,200
3682,1494,15,2,1499,500
3683,1495,15,2,1499,0
3684,1495,14,2,999,200
3685,1496,46,1,2499,0
3686,1496,48,1,3999,0
3687,1496,24,1,12999,0
3688,1496,17,1,12999,500
3689,1497,58,1,3999,0
3690,1497,22,1,999,500
3691,1497,8,1,3999,0
3692,1497,51,3,5999,500
3693,1498,35,1,1499,0
3694,1498,60,2,999,0
3695,1498,51,2,5999,0
3696,1499,60,3,999,0
3697,1499,1,2,2499,0
3698,1500,41,3,1499,0
3699,1501,15,3,1499,0
3700,1501,47,1,999,0
3701,1502,4,3,1499,200
3702,1502,15,3,1499,0
3703,1502,3,1,1499,0
3704,1502,24,3,12999,0
3705,1503,31,2,2499,0
3706,1503,11,2,2499,0
3707,1504,49,1,5999,0
3708,1505,15,3,1499,0
3709,1505,18,3,999,500
3710,1505,46,3,2499,500
3711,1505,58,3,3999,500
3712,1506,29,2,1499,0
3713,1506,40,2,2499,0
3714,1507,13,2,12999,0
3715,1508,56,3,1499,0
3716,1509,36,2,5999,200
3717,1510,35,1,1499,0
3718,1510,16,1,12999,500
3719,1511,22,3,999,500
3720,1512,53,1,12999,0
3721,1512,28,2,12999,0
3722,1513,40,2,2499,0
3723,1513,28,3,12999,500
3724,1514,44,2,3999,0
3725,1514,2,1,3999,0
3726,1515,6,2,3999,0
3727,1516,31,1,2499,200
3728,1516,51,3,5999,0
3729,1517,23,2,3999,200
3730,1517,44,1,3999,500
3731,1518,35,1,1499,500
3732,1519,34,1,12999,0
3733,1519,12,2,2499,500
3734,1519,40,1,2499,0
3735,1519,25,2,12999,0
3736,1520,39,1,2499,0
3737,1521,6,2,3999,500
3738,1521,18,3,999,0
3739,1521,26,2,2499,500
3740,1522,33,1,5999,0
3741,1522,24,3,12999,0
3742,1522,24,2,12999,0
3743,1523,41,2,1499,0
3744,1524,40,2,2499,0
3745,1524,50,3,999,500
3746,1524,12,1,2499,0
3747,1524,4,2,1499,0
3748,1525,17,3,12999,0
3749,1526,34,1,12999,200
3750,1526,46,1,2499,500
3751,1527,44,1,3999,0
3752,1527,45,2,12999,500
3753,1528,27,2,2499,0
3754,1528,2,1,3999,200
3755,1528,49,3,5999,0
3756,1529,7,2,1499,0
3757,1529,6,2,3999,0
3758,1530,49,2,5999,0
3759,1530,56,1,1499,0
3760,1530,26,1,2499,0
3761,1531,56,3,1499,0
3762,1531,43,1,2499,200
3763,1532,56,2,1499,500
3764,1532,37,3,12999,500
3765,1532,59,1,5999,0
3766,1533,54,2,999,0
3767,1533,47,1,999,200
3768,1534,44,3,3999,0
3769,1534,55,2,2499,0
3770,1534,14,1,999,0
3771,1535,57,3,2499,0
3772,1535,26,3,2499,0
3773,1535,52,1,1499,0
3774,1536,47,1,999,500
3775,1536,4,3,1499,0
3776,1536,16,3,12999,0
3777,1536,41,3,1499,0
3778,1537,15,1,1499,200
3779,1537,55,1,2499,0
3780,1537,6,3,3999,500
3781,1538,33,2,5999,500
3782,1538,47,3,999,0
3783,1538,1,1,2499,0
3784,1538,53,1,12999,0
3785,1539,54,3,999,500
3786,1539,60,1,999,0
3787,1540,53,3,12999,0
3788,1540,47,2,999,0
3789,1540,57,3,2499,0
3790,1541,5,2,12999,500
3791,1542,7,3,1499,0
3792,1542,15,1,1499,200
3793,1542,34,2,12999,0
3794,1543,13,1,12999,0
3795,1543,14,3,999,500
3796,1543,33,1,5999,0
3797,1543,16,2,12999,0
3798,1544,17,1,12999,0
3799,1545,54,2,999,0
3800,1546,28,2,12999,0
3801,1546,34,3,12999,0
3802,1546,8,3,3999,0
3803,1546,28,1,12999,0
3804,1547,24,2,12999,200
3805,1547,57,3,2499,0
3806,1548,5,2,12999,0
3807,1548,7,1,1499,0
3808,1548,17,2,12999,0
3809,1548,4,2,1499,500
3810,1549,32,3,999,200
3811,1550,34,2,12999,0
3812,1550,48,1,3999,0
3813,1551,50,1,999,0
3814,1551,20,1,1499,200
3815,1551,56,3,1499,500
3816,1551,48,3,3999,0
3817,1552,40,3,2499,0
3818,1552,4,1,1499,0
3819,1552,29,3,1499,0
3820,1553,52,2,1499,0
3821,1554,17,3,12999,0
3822,1554,26,3,2499,500
3823,1554,40,3,2499,200
3824,1554,50,3,999,500
3825,1555,6,3,3999,0
3826,1555,10,3,999,0
3827,1555,38,2,2499,500
3828,1555,16,1,12999,0
3829,1556,37,3,12999,0
3830,1556,12,1,2499,0
3831,1556,12,1,2499,0
3832,1557,27,3,2499,0
3833,1558,30,2,999,0
3834,1559,34,3,12999,0
3835,1559,21,3,5999,500
3836,1560,43,3,2499,0
3837,1560,54,2,999,0
3838,1561,22,1,999,500
3839,1561,52,1,1499,200
3840,1561,38,2,2499,500
3841,1561,44,1,3999,200
3842,1562,23,2,3999,0
3843,1562,60,1,999,0
3844,1562,36,2,5999,200
3845,1562,7,3,1499,0
3846,1563,60,1,999,0
3847,1563,54,1,999,0
3848,1563,26,3,2499,0
3849,1564,41,1,1499,0
3850,1564,54,1,999,200
3851,1564,49,1,5999,0
3852,1565,59,2,5999,0
3853,1565,4,1,1499,200
3854,1565,33,1,5999,0
3855,1565,6,3,3999,0
3856,1566,34,1,12999,500
3857,1566,42,2,2499,0
3858,1566,19,3,2499,500
3859,1566,5,3,12999,0
3860,1567,56,3,1499,500
3861,1567,13,3,12999,200
3862,1568,15,3,1499,0
3863,1568,18,1,999,200
3864,1568,29,2,1499,500
3865,1569,57,1,2499,200
3866,1569,49,2,5999,0
3867,1569,39,1,2499,0
3868,1569,2,3,3999,0
3869,1570,60,1,999,0
3870,1570,37,3,12999,500
3871,1570,5,2,12999,0
3872,1570,26,3,2499,500
3873,1571,30,1,999,0
3874,1571,60,1,999,0
3875,1572,59,2,5999,0
3876,1572,30,3,999,0
3877,1572,30,1,999,0
3878,1573,1,2,2499,0
3879,1573,15,2,1499,0
3880,1574,32,3,999,500
3881,1574,23,2,3999,0
3882,1574,13,1,12999,200
3883,1574,5,3,12999,500
3884,1575,47,1,999,500
3885,1576,19,3,2499,0
3886,1576,53,1,12999,200
3887,1576,18,2,999,0
3888,1576,16,2,12999,0
3889,1577,60,1,999,200
3890,1578,5,1,12999,0
3891,1578,41,1,1499,200
3892,1579,17,3,12999,200
3893,1579,11,3,2499,500
3894,1580,15,2,1499,0
3895,1580,56,3,1499,0
3896,1580,57,1,2499,500
3897,1580,12,3,2499,0
3898,1581,48,1,3999,200
3899,1581,51,3,5999,500
3900,1581,35,3,1499,200
3901,1581,26,3,2499,0
3902,1582,16,2,12999,500
3903,1582,50,1,999,0
3904,1582,24,1,12999,200
3905,1582,35,1,1499,0
3906,1583,21,3,5999,0
3907,1583,6,2,3999,0
3908,1583,1,2,2499,500
3909,1584,47,1,999,500
3910,1584,42,1,2499,0
3911,1585,30,3,999,0
3912,1585,36,3,5999,500
3913,1585,50,3,999,0
3914,1585,16,2,12999,500
3915,1586,58,1,3999,0
3916,1586,52,1,1499,500
3917,1587,33,2,5999,0
3918,1587,20,3,1499,0
3919,1587,55,3,2499,500
3920,1588,19,2,2499,200
3921,1589,45,3,12999,200
3922,1590,29,2,1499,200
3923,1590,13,3,12999,0
3924,1590,2,3,3999,200
3925,1590,18,2,999,0
3926,1591,25,3,12999,0
3927,1591,55,3,2499,500
3928,1591,59,2,5999,500
3929,1591,32,3,999,0
3930,1592,32,3,999,0
3931,1592,51,3,5999,500
3932,1593,42,1,2499,0
3933,1593,24,1,12999,0
3934,1593,57,1,2499,0
3935,1593,49,2,5999,200
3936,1594,2,3,3999,0
3937,1595,55,2,2499,0
3938,1595,17,1,12999,500
3939,1595,26,2,2499,500
3940,1596,12,3,2499,0
3941,1596,41,1,1499,500
3942,1596,48,3,3999,0
3943,1597,22,2,999,0
3944,1598,47,2,999,0
3945,1598,59,2,5999,200
3946,1598,11,3,2499,0
3947,1599,22,3,999,500
3948,1599,51,3,5999,0
3949,1600,24,2,12999,0
3950,1600,42,2,2499,500
3951,1600,17,2,12999,500
3952,1600,21,1,5999,500
3953,1601,15,1,1499,0
3954,1601,20,3,1499,500
3955,1601,8,3,3999,500
3956,1602,11,1,2499,0
3957,1602,34,3,12999,0
3958,1602,38,1,2499,0
3959,1602,51,1,5999,0
3960,1603,21,2,5999,200
3961,1604,14,3,999,0
3962,1605,31,3,2499,500
3963,1605,7,1,1499,200
3964,1605,29,2,1499,0
3965,1605,2,3,3999,0
3966,1606,3,2,1499,0
3967,1607,36,1,5999,500
3968,1607,47,1,999,200
3969,1607,1,2,2499,0
3970,1607,9,1,999,500
3971,1608,57,1,2499,0
3972,1608,36,2,5999,200
3973,1609,35,2,1499,0
3974,1609,20,1,1499,0
3975,1609,32,3,999,0
3976,1609,33,2,5999,0
3977,1610,24,2,12999,500
3978,1610,19,1,2499,500
3979,1610,9,2,999,500
3980,1610,59,1,5999,0
3981,1611,57,1,2499,0
3982,1612,38,3,2499,0
3983,1612,5,1,12999,0
3984,1613,1,2,2499,0
3985,1613,31,1,2499,500
3986,1614,44,1,3999,0
3987,1614,20,2,1499,500
3988,1615,10,2,999,0
3989,1615,28,2,12999,200
3990,1615,47,2,999,200
3991,1615,10,3,999,0
3992,1616,59,2,5999,0
3993,1616,14,1,999,500
3994,1617,13,1,12999,0
3995,1617,13,3,12999,0
3996,1618,4,2,1499,0
3997,1619,32,1,999,0
3998,1619,46,3,2499,200
3999,1619,23,1,3999,500
4000,1620,43,2,2499,0
4001,1621,17,3,12999,0
4002,1621,36,3,5999,0
4003,1621,31,1,2499,200
4004,1622,40,1,2499,500
4005,1622,53,3,12999,200
4006,1623,26,1,2499,500
4007,1624,30,3,999,0
4008,1625,54,1,999,0
4009,1625,12,1,2499,0
4010,1626,57,1,2499,0
4011,1626,47,2,999,0
4012,1626,43,3,2499,0
4013,1626,41,2,1499,0
4014,1627,21,3,5999,0
4015,1627,45,1,12999,500
4016,1628,18,2,999,0
4017,1628,32,3,999,200
4018,1628,48,3,3999,200
4019,1629,2,3,3999,0
4020,1629,17,2,12999,500
4021,1630,39,3,2499,200
4022,1630,1,1,2499,500
4023,1630,12,2,2499,0
4024,1630,11,1,2499,0
4025,1631,47,1,999,0
4026,1631,32,3,999,0
4027,1631,9,3,999,500
4028,1631,59,3,5999,0
4029,1632,9,2,999,200
4030,1633,57,1,2499,0
4031,1634,23,3,3999,0
4032,1634,45,3,12999,0
4033,1634,43,3,2499,0
4034,1634,12,1,2499,500
4035,1635,18,2,999,0
4036,1636,8,2,3999,0
4037,1636,23,1,3999,0
4038,1636,56,3,1499,500
4039,1637,50,3,999,500
4040,1637,48,2,3999,0
4041,1638,42,3,2499,500
4042,1638,13,1,12999,500
4043,1638,53,1,12999,0
4044,1639,6,3,3999,0
4045,1639,10,2,999,0
4046,1639,41,1,1499,0
4047,1639,8,1,3999,0
4048,1640,49,3,5999,0
4049,1640,4,1,1499,500
4050,1640,50,3,999,0
4051,1640,8,1,3999,200
4052,1641,3,1,1499,500
4053,1641,47,1,999,200
4054,1642,60,1,999,0
4055,1642,60,3,999,0
4056,1642,3,2,1499,500
4057,1642,13,2,12999,200
4058,1643,30,3,999,0
4059,1643,50,3,999,0
4060,1644,19,1,2499,500
4061,1645,56,1,1499,500
4062,1645,43,2,2499,0
4063,1645,10,3,999,0
4064,1646,45,2,12999,0
4065,1646,47,2,999,0
4066,1647,53,1,12999,0
4067,1647,15,2,1499,0
4068,1647,10,2,999,0
4069,1647,28,2,12999,500
4070,1648,49,1,5999,0
4071,1648,55,1,2499,0
4072,1648,5,3,12999,0
4073,1649,28,1,12999,0
4074,1650,18,1,999,0
4075,1650,39,3,2499,0
4076,1650,29,3,1499,0
4077,1650,28,2,12999,500
4078,1651,56,2,1499,500
4079,1651,42,1,2499,0
4080,1652,3,1,1499,0
4081,1652,8,1,3999,500
4082,1652,24,2,12999,200
4083,1653,58,2,3999,500
4084,1653,5,2,12999,200
4085,1653,38,3,2499,0
4086,1653,24,2,12999,200
4087,1654,9,2,999,200
4088,1655,50,1,999,500
4089,1656,36,1,5999,0
4090,1656,29,2,1499,0
4091,1656,49,1,5999,200
4092,1656,11,2,2499,500
4093,1657,52,3,1499,0
4094,1658,56,3,1499,0
4095,1659,13,3,12999,0
4096,1660,30,3,999,0
4097,1661,32,2,999,0
4098,1661,52,2,1499,0
4099,1661,8,3,3999,0
4100,1662,35,3,1499,0
4101,1662,29,2,1499,200
4102,1662,39,2,2499,200
4103,1663,22,1,999,0
4104,1664,54,2,999,200
4105,1664,28,1,12999,0
4106,1664,23,3,3999,0
4107,1665,2,1,3999,0
4108,1665,18,2,999,200
4109,1665,28,1,12999,0
4110,1665,22,3,999,500
4111,1666,38,2,2499,200
4112,1666,8,2,3999,0
4113,1666,2,3,3999,0
4114,1666,38,1,2499,500
4115,1667,21,1,5999,0
4116,1668,52,3,1499,0
4117,1669,42,1,2499,0
4118,1669,30,3,999,200
4119,1670,7,2,1499,200
4120,1670,7,1,1499,0
4121,1670,32,2,999,0
4122,1671,54,1,999,0
4123,1671,28,1,12999,0
4124,1672,40,2,2499,0
4125,1673,55,3,2499,0
4126,1673,2,1,3999,200
4127,1673,4,3,1499,200
4128,1673,53,3,12999,0
4129,1674,43,3,2499,0
4130,1674,41,3,1499,0
4131,1675,44,3,3999,500
4132,1675,37,3,12999,500
4133,1675,33,3,5999,200
4134,1676,47,3,999,500
4135,1677,35,2,1499,0
4136,1678,29,2,1499,500
4137,1679,29,1,1499,500
4138,1679,12,1,2499,0
4139,1679,17,3,12999,0
4140,1680,54,1,999,0
4141,1681,6,3,3999,0
4142,1681,60,1,999,500
4143,1681,58,2,3999,500
4144,1681,18,1,999,500
4145,1682,47,2,999,500
4146,1682,43,2,2499,0
4147,1682,18,1,999,500
4148,1682,23,1,3999,0
4149,1683,28,1,12999,200
4150,1683,58,3,3999,0
4151,1683,12,2,2499,0
4152,1684,23,1,3999,200
4153,1684,38,3,2499,200
4154,1684,12,2,2499,0
4155,1684,57,3,2499,200
4156,1685,47,2,999,500
4157,1685,28,1,12999,0
4158,1686,29,1,1499,0
4159,1687,11,2,2499,500
4160,1687,49,1,5999,200
4161,1688,18,3,999,200
4162,1688,35,3,1499,500
4163,1689,9,2,999,200
4164,1689,31,1,2499,500
4165,1689,29,3,1499,500
4166,1689,5,2,12999,0
4167,1690,54,1,999,500
4168,1690,58,3,3999,0
4169,1691,46,2,2499,0
4170,1691,15,1,1499,200
4171,1692,3,2,1499,0
4172,1692,36,3,5999,0
4173,1693,24,2,12999,0
4174,1693,32,1,999,0
4175,1694,42,1,2499,0
4176,1694,45,2,12999,0
4177,1694,2,3,3999,200
4178,1695,58,3,3999,0
4179,1695,50,3,999,0
4180,1695,45,2,12999,500
4181,1695,35,3,1499,500
4182,1696,30,3,999,0
4183,1696,7,2,1499,0
4184,1696,29,2,1499,200
4185,1696,34,1,12999,0
4186,1697,41,2,1499,0
4187,1697,35,2,1499,500
4188,1697,43,3,2499,500
4189,1697,52,1,1499,500
4190,1698,37,2,12999,0
4191,1698,21,2,5999,500
4192,1698,17,2,12999,0
4193,1698,8,1,3999,500
4194,1699,24,1,12999,200
4195,1699,57,3,2499,0
4196,1699,23,1,3999,0
4197,1699,31,1,2499,200
4198,1700,21,1,5999,200
4199,1700,46,3,2499,0
4200,1700,7,3,1499,500
4201,1700,17,2,12999,0
4202,1701,2,3,3999,500
4203,1702,12,1,2499,0
4204,1702,59,2,5999,200
4205,1702,44,2,3999,500
4206,1703,21,2,5999,0
4207,1704,56,2,1499,200
4208,1704,49,2,5999,0
4209,1704,35,1,1499,500
4210,1704,29,2,1499,0
4211,1705,28,1,12999,0
4212,1706,51,1,5999,0
4213,1706,50,2,999,0
4214,1706,45,2,12999,0
4215,1706,7,2,1499,0
4216,1707,11,1,2499,0
4217,1707,12,1,2499,0
4218,1707,12,2,2499,200
4219,1707,57,2,2499,200
4220,1708,40,1,2499,200
4221,1708,2,1,3999,0
4222,1708,12,2,2499,0
4223,1709,35,3,1499,200
4224,1709,4,1,1499,500
4225,1709,1,1,2499,200
4226,1710,36,1,5999,0
4227,1710,56,1,1499,0
4228,1710,37,3,12999,0
4229,1710,29,1,1499,0
4230,1711,55,1,2499,200
4231,1711,5,1,12999,0
4232,1711,59,1,5999,0
4233,1712,22,1,999,200
4234,1712,23,3,3999,500
4235,1712,47,2,999,500
4236,1712,4,2,1499,500
4237,1713,33,1,5999,0
4238,1713,9,1,999,500
4239,1713,45,1,12999,500
4240,1714,4,1,1499,200
4241,1714,17,2,12999,0
4242,1714,19,3,2499,200
4243,1715,55,1,2499,0
4244,1715,9,1,999,0
4245,1716,29,2,1499,200
4246,1717,32,1,999,0
4247,1717,13,3,12999,500
4248,1718,58,2,3999,0
4249,1719,39,2,2499,0
4250,1720,3,2,1499,500
4251,1720,51,1,5999,0
4252,1721,22,1,999,0
4253,1721,1,1,2499,0
4254,1722,33,2,5999,500
4255,1722,58,1,3999,200
4256,1722,23,1,3999,0
4257,1722,17,2,12999,0
4258,1723,53,3,12999,0
4259,1723,45,1,12999,200
4260,1724,16,3,12999,500
4261,1724,8,1,3999,500
4262,1724,30,3,999,500
4263,1725,38,3,2499,500
4264,1725,50,1,999,500
4265,1725,4,2,1499,0
4266,1725,31,3,2499,0
4267,1726,44,1,3999,0
4268,1726,25,1,12999,0
4269,1726,52,1,1499,500
4270,1726,35,3,1499,200
4271,1727,54,3,999,0
4272,1727,38,2,2499,0
4273,1728,10,1,999,500
4274,1729,57,3,2499,0
4275,1729,12,3,2499,500
4276,1730,8,1,3999,0
4277,1730,1,1,2499,0
4278,1731,30,2,999,200
4279,1731,8,1,3999,0
4280,1731,33,3,5999,500
4281,1731,43,3,2499,200
4282,1732,53,2,12999,0
4283,1733,59,3,5999,0
4284,1734,42,1,2499,500
4285,1734,33,1,5999,200
4286,1735,20,2,1499,500
4287,1735,21,3,5999,0
4288,1735,3,1,1499,0
4289,1736,1,2,2499,0
4290,1736,22,3,999,500
4291,1737,58,3,3999,0
4292,1738,6,1,3999,0
4293,1738,58,3,3999,200
4294,1738,59,2,5999,0
4295,1739,19,1,2499,200
4296,1739,35,2,1499,0
4297,1740,24,3,12999,0
4298,1741,25,3,12999,500
4299,1741,37,3,12999,200
4300,1742,34,1,12999,500
4301,1743,31,3,2499,200
4302,1744,12,2,2499,200
4303,1744,55,1,2499,500
4304,1744,30,2,999,0
4305,1744,45,3,12999,0
4306,1745,57,3,2499,0
4307,1745,30,3,999,500
4308,1745,37,3,12999,0
4309,1745,25,1,12999,0
4310,1746,60,1,999,0
4311,1746,51,2,5999,0
4312,1746,22,3,999,0
4313,1747,46,1,2499,0
4314,1747,32,2,999,200
4315,1747,39,1,2499,0
4316,1748,39,3,2499,500
4317,1749,11,1,2499,500
4318,1749,31,2,2499,500
4319,1750,47,3,999,0
4320,1750,18,1,999,0
4321,1750,53,3,12999,0
4322,1751,21,2,5999,500
4323,1752,32,1,999,500
4324,1752,2,3,3999,0
4325,1752,5,3,12999,200
4326,1753,4,2,1499,0
4327,1753,14,1,999,0
4328,1753,55,2,2499,0
4329,1754,1,1,2499,0
4330,1754,32,3,999,500
4331,1754,12,1,2499,0
4332,1755,5,2,12999,500
4333,1755,60,2,999,0
4334,1755,31,1,2499,0
4335,1755,51,2,5999,500
4336,1756,1,3,2499,0
4337,1756,55,2,2499,0
4338,1756,53,3,12999,0
4339,1757,48,2,3999,0
4340,1758,3,2,1499,0
4341,1759,17,3,12999,0
4342,1759,57,3,2499,500
4343,1759,51,2,5999,500
4344,1759,46,2,2499,0
4345,1760,27,3,2499,500
4346,1760,37,1,12999,200
4347,1760,23,1,3999,500
4348,1760,17,2,12999,200
4349,1761,31,1,2499,0
4350,1761,52,3,1499,0
4351,1762,22,1,999,0
4352,1762,23,3,3999,500
4353,1762,26,1,2499,0
4354,1763,29,2,1499,500
4355,1763,49,1,5999,0
4356,1763,56,1,1499,200
4357,1764,35,2,1499,0
4358,1764,48,2,3999,200
4359,1764,13,3,12999,500
4360,1765,60,3,999,500
4361,1765,13,3,12999,0
4362,1765,12,2,2499,0
4363,1766,35,1,1499,0
4364,1766,22,1,999,200
4365,1767,29,3,1499,0
4366,1767,23,1,3999,0
4367,1767,26,1,2499,0
4368,1768,35,2,1499,0
4369,1769,43,3,2499,0
4370,1770,50,3,999,200
4371,1770,7,3,1499,0
4372,1770,10,2,999,0
4373,1770,46,2,2499,200
4374,1771,26,3,2499,500
4375,1772,45,1,12999,0
4376,1772,1,1,2499,0
4377,1772,12,2,2499,0
4378,1773,56,2,1499,0
4379,1773,6,2,3999,0
4380,1774,52,3,1499,500
4381,1774,17,2,12999,500
4382,1774,22,1,999,200
4383,1775,46,1,2499,0
4384,1775,30,3,999,500
4385,1775,4,2,1499,500
4386,1775,44,2,3999,0
4387,1776,26,2,2499,500
4388,1777,1,2,2499,0
4389,1778,33,3,5999,0
4390,1779,15,3,1499,0
4391,1780,59,2,5999,500
4392,1780,22,1,999,0
4393,1781,27,2,2499,500
4394,1782,59,3,5999,0
4395,1782,5,3,12999,200
4396,1782,46,2,2499,200
4397,1782,17,1,12999,0
4398,1783,46,1,2499,0
4399,1783,37,2,12999,0
4400,1784,2,1,3999,200
4401,1784,32,2,999,200
4402,1785,11,3,2499,0
4403,1785,54,1,999,0
4404,1786,9,2,999,0
4405,1786,19,1,2499,200
4406,1786,35,2,1499,0
4407,1787,15,1,1499,0
4408,1787,22,1,999,0
4409,1788,42,2,2499,0
4410,1789,33,2,5999,0
4411,1789,1,1,2499,0
4412,1789,6,2,3999,200
4413,1789,29,1,1499,0
4414,1790,22,3,999,500
4415,1790,51,3,5999,200
4416,1790,21,3,5999,0
4417,1790,6,1,3999,500
4418,1791,15,1,1499,200
4419,1792,23,3,3999,0
4420,1792,5,2,12999,200
4421,1792,30,1,999,500
4422,1793,52,2,1499,0
4423,1794,28,3,12999,0
4424,1794,7,3,1499,500
4425,1795,34,3,12999,200
4426,1796,28,1,12999,0
4427,1797,22,3,999,500
4428,1797,6,3,3999,500
4429,1797,57,2,2499,500
4430,1798,25,3,12999,500
4431,1799,59,1,5999,200
4432,1799,35,3,1499,500
4433,1799,55,1,2499,0
4434,1800,58,1,3999,500
4435,1800,18,2,999,0
4436,1800,56,1,1499,0
4437,1800,33,1,5999,0
4438,1801,36,1,5999,500
4439,1801,19,3,2499,0
4440,1802,6,2,3999,0
4441,1802,32,2,999,0
4442,1802,47,1,999,500
4443,1803,45,1,12999,0
4444,1803,48,3,3999,0
4445,1804,60,3,999,0
4446,1804,15,1,1499,0
4447,1804,46,2,2499,200
4448,1805,46,1,2499,0
4449,1805,58,1,3999,500
4450,1805,6,2,3999,0
4451,1806,1,3,2499,0
4452,1806,23,3,3999,500
4453,1807,26,3,2499,0
4454,1807,40,3,2499,0
4455,1807,9,1,999,0
4456,1808,31,2,2499,200
4457,1809,51,1,5999,0
4458,1810,26,1,2499,0
4459,1810,37,1,12999,0
4460,1810,8,2,3999,200
4461,1810,1,3,2499,0
4462,1811,54,2,999,200
4463,1811,49,1,5999,200
4464,1811,15,3,1499,200
4465,1811,60,1,999,0
4466,1812,4,2,1499,500
4467,1812,19,2,2499,0
4468,1812,42,1,2499,200
4469,1813,39,1,2499,0
4470,1813,37,2,12999,0
4471,1813,1,2,2499,500
4472,1814,55,1,2499,200
4473,1814,9,2,999,0
4474,1815,43,1,2499,0
4475,1815,42,3,2499,0
4476,1815,18,3,999,0
4477,1815,7,3,1499,500
4478,1816,39,3,2499,500
4479,1816,7,3,1499,500
4480,1816,60,2,999,0
4481,1816,41,1,1499,0
4482,1817,13,3,12999,0
4483,1817,52,1,1499,0
4484,1818,43,1,2499,0
4485,1818,35,1,1499,0
4486,1818,16,2,12999,0
4487,1819,46,2,2499,500
4488,1820,24,2,12999,200
4489,1820,59,3,5999,500
4490,1820,44,2,3999,200
4491,1821,47,3,999,0
4492,1821,13,2,12999,0
4493,1821,28,2,12999,500
4494,1822,52,1,1499,200
4495,1822,14,2,999,0
4496,1822,6,1,3999,0
4497,1822,19,2,2499,0
4498,1823,60,3,999,0
4499,1823,33,1,5999,0
4500,1823,12,2,2499,500
4501,1824,26,2,2499,200
4502,1824,12,1,2499,0
4503,1824,1,2,2499,0
4504,1824,9,1,999,0
4505,1825,60,2,999,0
4506,1826,27,1,2499,0
4507,1826,50,2,999,0
4508,1827,15,3,1499,200
4509,1827,15,1,1499,0
4510,1827,2,3,3999,0
4511,1827,32,3,999,0
4512,1828,47,3,999,200
4513,1828,6,3,3999,0
4514,1828,21,1,5999,0
4515,1829,17,2,12999,200
4516,1829,4,1,1499,200
4517,1829,13,3,12999,0
4518,1829,56,3,1499,0
4519,1830,15,2,1499,200
4520,1830,29,1,1499,500
4521,1831,13,2,12999,0
4522,1831,8,2,3999,0
4523,1832,53,2,12999,500
4524,1832,5,1,12999,0
4525,1833,3,1,1499,0
4526,1834,5,2,12999,0
4527,1834,21,2,5999,0
4528,1835,15,3,1499,0
4529,1835,50,1,999,200
4530,1835,34,3,12999,0
4531,1836,13,2,12999,500
4532,1837,12,3,2499,0
4533,1837,39,3,2499,0
4534,1837,37,3,12999,200
4535,1837,51,1,5999,0
4536,1838,53,3,12999,0
4537,1838,59,1,5999,0
4538,1838,11,1,2499,200
4539,1839,1,2,2499,0
4540,1839,55,2,2499,0
4541,1840,28,1,12999,500
4542,1840,23,1,3999,200
4543,1840,26,1,2499,0
4544,1840,36,2,5999,0
4545,1841,51,1,5999,500
4546,1841,52,1,1499,0
4547,1841,25,1,12999,0
4548,1841,1,2,2499,0
4549,1842,58,3,3999,500
4550,1842,41,1,1499,0
4551,1843,35,2,1499,200
4552,1843,31,1,2499,0
4553,1843,29,2,1499,0
4554,1844,10,1,999,500
4555,1844,2,3,3999,0
4556,1845,46,3,2499,0
4557,1845,12,3,2499,0
4558,1846,14,2,999,0
4559,1846,58,2,3999,0
4560,1846,54,3,999,200
4561,1847,18,2,999,200
4562,1848,43,2,2499,0
4563,1848,55,3,2499,0
4564,1848,50,1,999,500
4565,1848,21,1,5999,0
4566,1849,43,1,2499,500
4567,1849,51,2,5999,200
4568,1849,15,3,1499,200
4569,1849,43,2,2499,200
4570,1850,3,2,1499,0
4571,1850,17,3,12999,0
4572,1850,52,1,1499,0
4573,1850,24,1,12999,200
4574,1851,22,2,999,0
4575,1851,2,3,3999,0
4576,1851,37,3,12999,200
4577,1852,23,1,3999,0
4578,1852,31,1,2499,0
4579,1852,2,2,3999,0
4580,1852,28,1,12999,0
4581,1853,47,3,999,0
4582,1853,10,2,999,0
4583,1854,58,3,3999,200
4584,1854,30,3,999,500
4585,1854,42,2,2499,200
4586,1854,3,3,1499,500
4587,1855,32,2,999,0
4588,1855,6,3,3999,0
4589,1855,9,2,999,200
4590,1855,44,1,3999,200
4591,1856,42,3,2499,200
4592,1856,23,1,3999,0
4593,1856,41,3,1499,500
4594,1856,58,3,3999,0
4595,1857,22,2,999,0
4596,1857,2,3,3999,500
4597,1857,41,2,1499,0
4598,1857,15,1,1499,0
4599,1858,23,1,3999,0
4600,1859,52,2,1499,200
4601,1859,1,3,2499,0
4602,1859,1,1,2499,200
4603,1859,36,2,5999,200
4604,1860,20,3,1499,200
4605,1860,38,2,2499,0
4606,1860,57,1,2499,200
4607,1860,53,1,12999,200
4608,1861,3,1,1499,200
4609,1861,16,2,12999,0
4610,1861,45,1,12999,200
4611,1862,40,1,2499,200
4612,1862,29,1,1499,0
4613,1862,57,3,2499,500
4614,1862,42,2,2499,0
4615,1863,45,2,12999,500
4616,1864,23,1,3999,0
4617,1864,34,1,12999,200
4618,1864,27,3,2499,0
4619,1865,40,2,2499,500
4620,1865,40,3,2499,500
4621,1865,49,2,5999,500
4622,1866,16,2,12999,0
4623,1866,49,2,5999,0
4624,1866,48,1,3999,0
4625,1866,46,2,2499,0
4626,1867,49,3,5999,0
4627,1867,54,3,999,0
4628,1868,37,2,12999,200
4629,1868,17,1,12999,500
4630,1869,38,2,2499,500
4631,1870,37,3,12999,500
4632,1870,42,3,2499,500
4633,1871,1,3,2499,200
4634,1872,49,1,5999,200
4635,1872,21,2,5999,500
4636,1872,23,1,3999,0
4637,1872,41,3,1499,200
4638,1873,55,1,2499,0
4639,1873,16,1,12999,0
4640,1874,25,1,12999,0
4641,1874,47,3,999,0
4642,1874,37,1,12999,0
4643,1875,50,1,999,0
4644,1875,47,2,999,0
4645,1876,38,2,2499,200
4646,1876,1,3,2499,200
4647,1876,52,1,1499,500
4648,1877,36,2,5999,0
4649,1877,17,3,12999,0
4650,1877,26,2,2499,0
4651,1878,4,1,1499,0
4652,1878,57,1,2499,0
4653,1878,54,2,999,0
4654,1879,30,2,999,0
4655,1879,17,2,12999,0
4656,1879,42,1,2499,0
4657,1880,33,3,5999,200
4658,1880,51,3,5999,0
4659,1880,3,3,1499,0
4660,1880,46,3,2499,0
4661,1881,10,3,999,0
4662,1882,17,1,12999,0
4663,1882,20,1,1499,0
4664,1882,4,1,1499,0
4665,1882,35,2,1499,0
4666,1883,22,1,999,200
4667,1883,49,2,5999,0
4668,1883,13,1,12999,0
4669,1883,34,1,12999,500
4670,1884,22,2,999,500
4671,1884,7,1,1499,0
4672,1885,17,2,12999,200
4673,1885,29,1,1499,0
4674,1886,29,2,1499,0
4675,1887,16,3,12999,0
4676,1887,12,2,2499,0
4677,1887,14,1,999,0
4678,1888,11,1,2499,0
4679,1888,14,2,999,0
4680,1888,3,1,1499,500
4681,1888,19,2,2499,0
4682,1889,46,1,2499,0
4683,1889,43,1,2499,0
4684,1889,4,2,1499,0
4685,1889,29,3,1499,200
4686,1890,54,2,999,200
4687,1891,60,2,999,0
4688,1891,25,2,12999,500
4689,1892,41,1,1499,0
4690,1892,33,1,5999,0
4691,1892,10,2,999,500
4692,1892,3,3,1499,0
4693,1893,59,3,5999,0
4694,1893,16,2,12999,0
4695,1893,41,1,1499,200
4696,1894,6,1,3999,0
4697,1894,8,3,3999,200
4698,1895,45,3,12999,200
4699,1895,52,3,1499,500
4700,1895,4,3,1499,0
4701,1896,52,3,1499,0
4702,1897,45,2,12999,0
4703,1897,39,2,2499,0
4704,1897,32,1,999,0
4705,1898,16,1,12999,500
4706,1898,30,1,999,0
4707,1898,2,2,3999,0
4708,1899,25,3,12999,0
4709,1899,44,2,3999,500
4710,1900,45,3,12999,0
4711,1901,57,1,2499,0
4712,1901,33,3,5999,200
4713,1901,33,3,5999,500
4714,1901,60,2,999,0
4715,1902,1,2,2499,500
4716,1902,44,2,3999,500
4717,1903,32,2,999,500
4718,1903,45,1,12999,200
4719,1903,28,3,12999,0
4720,1903,11,3,2499,0
4721,1904,59,2,5999,200
4722,1904,21,1,5999,0
4723,1904,59,2,5999,500
4724,1904,10,1,999,200
4725,1905,10,3,999,0
4726,1906,10,3,999,0
4727,1906,8,1,3999,0
4728,1907,21,3,5999,500
4729,1907,26,1,2499,200
4730,1907,16,2,12999,0
4731,1908,3,2,1499,200
4732,1908,5,2,12999,0
4733,1909,1,1,999,0
